author_id,display_name,works_api_url,h_index,works_count,country_code
A5058810080,Denis Bonnay,https://api.openalex.org/works?filter=author.id:A5058810080,12.0,72.0,FR
A5079881269,Richard Johansson,https://api.openalex.org/works?filter=author.id:A5079881269,23.0,158.0,
A5021210667,Dominik Brunner,https://api.openalex.org/works?filter=author.id:A5021210667,66.0,581.0,CH
A5033848785,Marlene Lutz,https://api.openalex.org/works?filter=author.id:A5033848785,3.0,13.0,
A5032446414,Yingdan Lu,https://api.openalex.org/works?filter=author.id:A5032446414,12.0,47.0,US
A5100448217,Li Song,https://api.openalex.org/works?filter=author.id:A5100448217,142.0,1448.0,CN
A5044421492,Peidong Mei,https://api.openalex.org/works?filter=author.id:A5044421492,2.0,9.0,GB
A5052965447,Gourab Ghoshal,https://api.openalex.org/works?filter=author.id:A5052965447,24.0,105.0,GB
A5058710207,Caroline Holt,https://api.openalex.org/works?filter=author.id:A5058710207,2.0,2.0,
A5025451579,Kiara L. Sanchez,https://api.openalex.org/works?filter=author.id:A5025451579,3.0,5.0,
A5032431129,Pedro Ramaciotti Morales,https://api.openalex.org/works?filter=author.id:A5032431129,9.0,79.0,FR
A5014829765,Steven Block,https://api.openalex.org/works?filter=author.id:A5014829765,25.0,74.0,GB
A5020901777,Paul E. Smaldino,https://api.openalex.org/works?filter=author.id:A5020901777,32.0,203.0,US
A5036032919,Douglas Guilbeault,https://api.openalex.org/works?filter=author.id:A5036032919,12.0,57.0,US
A5057262624,Miriam Hurtado Bodell,https://api.openalex.org/works?filter=author.id:A5057262624,3.0,12.0,
A5039705639,Ariella Kristal,https://api.openalex.org/works?filter=author.id:A5039705639,6.0,37.0,US
A5010431622,Jianxin Xue,https://api.openalex.org/works?filter=author.id:A5010431622,35.0,226.0,CN
A5004787389,André Calero Valdez,https://api.openalex.org/works?filter=author.id:A5004787389,26.0,180.0,DE
A5052234409,Samantha Vilkins,https://api.openalex.org/works?filter=author.id:A5052234409,5.0,18.0,AU
A5062910836,Yulia Tsvetkov,https://api.openalex.org/works?filter=author.id:A5062910836,35.0,276.0,US
A5089842725,Alexi Quintana,https://api.openalex.org/works?filter=author.id:A5089842725,13.0,133.0,US
A5067566095,J.M. Gilsbach,https://api.openalex.org/works?filter=author.id:A5067566095,1.0,7.0,DE
A5100431833,Wei Liu,https://api.openalex.org/works?filter=author.id:A5100431833,36.0,308.0,CN
A5108858557,Jiho. Kwak,https://api.openalex.org/works?filter=author.id:A5108858557,0.0,1.0,KR
A5066172157,Marcelo Calderón,https://api.openalex.org/works?filter=author.id:A5066172157,47.0,212.0,ES
A5103100943,Torben S. D. Johansen,https://api.openalex.org/works?filter=author.id:A5103100943,4.0,11.0,DK
A5022638781,Pranav Goel,https://api.openalex.org/works?filter=author.id:A5022638781,8.0,37.0,US
A5022479813,Anjalie Field,https://api.openalex.org/works?filter=author.id:A5022479813,29.0,131.0,US
A5063647785,James Druckman,https://api.openalex.org/works?filter=author.id:A5063647785,76.0,622.0,US
A5076235905,Matthew G. Burgess,https://api.openalex.org/works?filter=author.id:A5076235905,23.0,73.0,
A5047335001,Henrikki Tenkanen,https://api.openalex.org/works?filter=author.id:A5047335001,21.0,81.0,
A5054586972,Michael Szell,https://api.openalex.org/works?filter=author.id:A5054586972,25.0,81.0,IT
A5080502439,Armin Pournaki,https://api.openalex.org/works?filter=author.id:A5080502439,4.0,26.0,FR
A5032475130,Frank W. Takes,https://api.openalex.org/works?filter=author.id:A5032475130,15.0,121.0,NL
A5064038244,Hao Wu,https://api.openalex.org/works?filter=author.id:A5064038244,38.0,121.0,US
A5079648413,Nir Grinberg,https://api.openalex.org/works?filter=author.id:A5079648413,9.0,31.0,IL
A5100624179,Florian Meier,https://api.openalex.org/works?filter=author.id:A5100624179,34.0,91.0,RU
A5081350025,Elizabeth A. Jacobs,https://api.openalex.org/works?filter=author.id:A5081350025,50.0,261.0,US
A5016430518,Johannes Mast,https://api.openalex.org/works?filter=author.id:A5016430518,6.0,20.0,US
A5038255653,Erik Brynjolfsson,https://api.openalex.org/works?filter=author.id:A5038255653,85.0,324.0,US
A5044701156,Janine Schröder,https://api.openalex.org/works?filter=author.id:A5044701156,2.0,12.0,
A5078609284,AmirEmad Ghassami,https://api.openalex.org/works?filter=author.id:A5078609284,11.0,66.0,
A5055710645,Jon Kleinberg,https://api.openalex.org/works?filter=author.id:A5055710645,115.0,563.0,US
A5040846333,Mark Kennedy,https://api.openalex.org/works?filter=author.id:A5040846333,24.0,192.0,GB
A5058847520,Ruben L. Bach,https://api.openalex.org/works?filter=author.id:A5058847520,14.0,65.0,DE
A5064565742,Hans‐Joachim Voth,https://api.openalex.org/works?filter=author.id:A5064565742,43.0,301.0,CH
A5101922299,Stephanie Wang,https://api.openalex.org/works?filter=author.id:A5101922299,14.0,70.0,US
A5030437828,Onkar Sadekar,https://api.openalex.org/works?filter=author.id:A5030437828,6.0,15.0,AT
A5007746083,Daniel G. Goldstein,https://api.openalex.org/works?filter=author.id:A5007746083,48.0,230.0,US
A5066089123,Byungkyu Lee,https://api.openalex.org/works?filter=author.id:A5066089123,14.0,190.0,US
A5021149437,Paul L. Plener,https://api.openalex.org/works?filter=author.id:A5021149437,52.0,443.0,DE
A5109587088,Ruining He,https://api.openalex.org/works?filter=author.id:A5109587088,18.0,30.0,
A5059509038,Silvia Giordano,https://api.openalex.org/works?filter=author.id:A5059509038,77.0,588.0,CH
A5115653580,Elena D’Agnese,https://api.openalex.org/works?filter=author.id:A5115653580,1.0,6.0,IT
A5022790022,Jacopo Lenti,https://api.openalex.org/works?filter=author.id:A5022790022,4.0,22.0,IT
A5058128327,Chiara Drolsbach,https://api.openalex.org/works?filter=author.id:A5058128327,5.0,11.0,
A5071470205,Mathias Allemand,https://api.openalex.org/works?filter=author.id:A5071470205,45.0,227.0,CH
A5002552451,Bruno Figueiredo Damásio,https://api.openalex.org/works?filter=author.id:A5002552451,23.0,98.0,BR
A5014881285,Dan Calacci,https://api.openalex.org/works?filter=author.id:A5014881285,9.0,35.0,US
A5118182968,Théophile Lenoir,https://api.openalex.org/works?filter=author.id:A5118182968,1.0,2.0,IT
A5050477935,Nico Mutzner,https://api.openalex.org/works?filter=author.id:A5050477935,3.0,7.0,CH
A5027814433,Mohammed Alsobay,https://api.openalex.org/works?filter=author.id:A5027814433,4.0,20.0,US
A5082554858,Akira Matsui,https://api.openalex.org/works?filter=author.id:A5082554858,55.0,642.0,JP
A5056242621,Roberta Sinatra,https://api.openalex.org/works?filter=author.id:A5056242621,30.0,84.0,DK
A5034565938,Thiemo Fetzer,https://api.openalex.org/works?filter=author.id:A5034565938,24.0,346.0,DE
A5067625837,Ralph Schroeder,https://api.openalex.org/works?filter=author.id:A5067625837,48.0,283.0,US
A5084657226,Peter Klimek,https://api.openalex.org/works?filter=author.id:A5084657226,31.0,228.0,SE
A5101759768,Dayan Wang,https://api.openalex.org/works?filter=author.id:A5101759768,54.0,349.0,CN
A5109219790,Amir Pnueli,https://api.openalex.org/works?filter=author.id:A5109219790,88.0,367.0,IL
A5092113818,Matt DeButts,https://api.openalex.org/works?filter=author.id:A5092113818,2.0,3.0,US
A5032193396,Lunan Zhao,https://api.openalex.org/works?filter=author.id:A5032193396,3.0,3.0,CN
A5108909107,Kemal Kirtac,https://api.openalex.org/works?filter=author.id:A5108909107,3.0,6.0,GB
A5011481532,Jen Schradie,https://api.openalex.org/works?filter=author.id:A5011481532,11.0,51.0,FR
A5015128745,Maarten Sap,https://api.openalex.org/works?filter=author.id:A5015128745,35.0,188.0,
A5021334672,Joshua Maynez,https://api.openalex.org/works?filter=author.id:A5021334672,12.0,51.0,
A5083807006,Sangyeon Kim,https://api.openalex.org/works?filter=author.id:A5083807006,11.0,49.0,KR
A5025981159,Thomas C. W. Mak,https://api.openalex.org/works?filter=author.id:A5025981159,83.0,1644.0,CN
A5022698469,Heetae Kim,https://api.openalex.org/works?filter=author.id:A5022698469,22.0,126.0,KR
A5030086247,Mar Canet Solà,https://api.openalex.org/works?filter=author.id:A5030086247,7.0,37.0,DE
A5084991203,Virginia Morini,https://api.openalex.org/works?filter=author.id:A5084991203,5.0,32.0,IT
A5100786285,Kwang S. Kim,https://api.openalex.org/works?filter=author.id:A5100786285,122.0,1113.0,KR
A5062286782,Tamm Mikhail,https://api.openalex.org/works?filter=author.id:A5062286782,0.0,1.0,RU
A5100658744,Yuning Liu,https://api.openalex.org/works?filter=author.id:A5100658744,22.0,64.0,TW
A5037146201,Rense Corten,https://api.openalex.org/works?filter=author.id:A5037146201,21.0,101.0,NL
A5013670125,David Lazer,https://api.openalex.org/works?filter=author.id:A5013670125,62.0,513.0,US
A5029365001,Maria Cristina de Mendonça,https://api.openalex.org/works?filter=author.id:A5029365001,9.0,13.0,PT
A5019811597,Somayyeh Mohammadi,https://api.openalex.org/works?filter=author.id:A5019811597,14.0,123.0,IE
A5018717377,Anne C. Kroon,https://api.openalex.org/works?filter=author.id:A5018717377,16.0,45.0,NL
A5100740160,Nuo Chen,https://api.openalex.org/works?filter=author.id:A5100740160,16.0,125.0,TH
A5119402063,Yusuf Sezer Car,https://api.openalex.org/works?filter=author.id:A5119402063,0.0,1.0,DE
A5087900468,Taegyoon Kim,https://api.openalex.org/works?filter=author.id:A5087900468,2.0,8.0,KR
A5113224108,Ekow Mensah,https://api.openalex.org/works?filter=author.id:A5113224108,7.0,31.0,GB
A5103805258,Salsabil Salah,https://api.openalex.org/works?filter=author.id:A5103805258,1.0,1.0,
A5059396155,Hamilton Bennett,https://api.openalex.org/works?filter=author.id:A5059396155,23.0,30.0,US
A5000600927,Iuliia Alieva,https://api.openalex.org/works?filter=author.id:A5000600927,6.0,9.0,US
A5077513889,Veronika Batzdorfer,https://api.openalex.org/works?filter=author.id:A5077513889,4.0,16.0,DE
A5058942683,Koki Ota,https://api.openalex.org/works?filter=author.id:A5058942683,5.0,9.0,JP
A5101501249,Gahyoun Gim,https://api.openalex.org/works?filter=author.id:A5101501249,1.0,3.0,KR
A5029472989,Manuel Holz,https://api.openalex.org/works?filter=author.id:A5029472989,4.0,11.0,DE
A5047166410,Sofia Wickberg,https://api.openalex.org/works?filter=author.id:A5047166410,6.0,34.0,NL
A5038292442,Nadezhda Ozornina,https://api.openalex.org/works?filter=author.id:A5038292442,3.0,4.0,
A5030859194,Kornel Laskowski,https://api.openalex.org/works?filter=author.id:A5030859194,18.0,67.0,US
A5006184736,John Collins,https://api.openalex.org/works?filter=author.id:A5006184736,43.0,318.0,US
A5002205400,Amy L. Murphy,https://api.openalex.org/works?filter=author.id:A5002205400,36.0,190.0,IT
A5004566032,Emőke-Ágnes Horvát,https://api.openalex.org/works?filter=author.id:A5004566032,15.0,72.0,US
A5038531405,Daniel Lokshtanov,https://api.openalex.org/works?filter=author.id:A5038531405,43.0,513.0,US
A5054439389,Corinna Coupette,https://api.openalex.org/works?filter=author.id:A5054439389,7.0,62.0,DE
A5082312494,Eugene A. Chu,https://api.openalex.org/works?filter=author.id:A5082312494,14.0,43.0,US
A5100783219,Hong-Yu Zhou,https://api.openalex.org/works?filter=author.id:A5100783219,50.0,291.0,US
A5065953496,Zack Zimbalist,https://api.openalex.org/works?filter=author.id:A5065953496,6.0,14.0,AT
A5014394213,Xuechunzi Bai,https://api.openalex.org/works?filter=author.id:A5014394213,13.0,46.0,US
A5077212850,Camilla Spadavecchia,https://api.openalex.org/works?filter=author.id:A5077212850,4.0,8.0,NL
A5072564674,Chhandak Bagchi,https://api.openalex.org/works?filter=author.id:A5072564674,3.0,11.0,US
A5013862232,Naomi Muggleton,https://api.openalex.org/works?filter=author.id:A5013862232,5.0,18.0,GB
A5108652283,Honglak Lee,https://api.openalex.org/works?filter=author.id:A5108652283,83.0,373.0,KR
A5078932059,Bernhard Haslhofer,https://api.openalex.org/works?filter=author.id:A5078932059,25.0,147.0,AT
A5072573663,Johannes Stroebel,https://api.openalex.org/works?filter=author.id:A5072573663,47.0,175.0,US
A5009248582,Mirco Nanni,https://api.openalex.org/works?filter=author.id:A5009248582,26.0,155.0,IT
A5034406723,Luca Maria Aiello,https://api.openalex.org/works?filter=author.id:A5034406723,36.0,221.0,IT
A5059651484,Hao Cui,https://api.openalex.org/works?filter=author.id:A5059651484,57.0,601.0,CN
A5076789096,Azza Bouleimen,https://api.openalex.org/works?filter=author.id:A5076789096,1.0,8.0,CH
A5030571651,Jürgen Pfeffer,https://api.openalex.org/works?filter=author.id:A5030571651,27.0,199.0,DE
A5056878670,Iakovos Evdaimon,https://api.openalex.org/works?filter=author.id:A5056878670,2.0,9.0,FR
A5008389022,Iain D. Couzin,https://api.openalex.org/works?filter=author.id:A5008389022,76.0,291.0,DE
A5016769592,Ina Ni,https://api.openalex.org/works?filter=author.id:A5016769592,1.0,2.0,DE
A5012458624,Nay San,https://api.openalex.org/works?filter=author.id:A5012458624,7.0,45.0,US
A5015711710,Brian Uzzi,https://api.openalex.org/works?filter=author.id:A5015711710,51.0,191.0,US
A5100373619,Ziyu Chen,https://api.openalex.org/works?filter=author.id:A5100373619,26.0,184.0,CN
A5091451403,Neil C. Henderson,https://api.openalex.org/works?filter=author.id:A5091451403,63.0,259.0,US
A5041535475,Naihua Duan,https://api.openalex.org/works?filter=author.id:A5041535475,84.0,353.0,CN
A5041987478,Anding Wang,https://api.openalex.org/works?filter=author.id:A5041987478,36.0,116.0,CN
A5116210782,Pietro Alessandro Aluffi,https://api.openalex.org/works?filter=author.id:A5116210782,1.0,1.0,
A5039977048,Chiara Zappalà,https://api.openalex.org/works?filter=author.id:A5039977048,4.0,11.0,DK
A5083439440,Minji Heo,https://api.openalex.org/works?filter=author.id:A5083439440,1.0,1.0,KR
A5100329932,Xi Chen,https://api.openalex.org/works?filter=author.id:A5100329932,81.0,928.0,CN
A5000679279,Duncan J. Watts,https://api.openalex.org/works?filter=author.id:A5000679279,70.0,233.0,US
A5109839341,Shazia Subhani,https://api.openalex.org/works?filter=author.id:A5109839341,17.0,30.0,AE
A5064154638,Marion Fourcade,https://api.openalex.org/works?filter=author.id:A5064154638,31.0,113.0,US
A5074231430,Ruud Luijkx,https://api.openalex.org/works?filter=author.id:A5074231430,30.0,175.0,
A5119991515,Silvia de Sojo,https://api.openalex.org/works?filter=author.id:A5119991515,0.0,2.0,
A5089310000,Saphira Rekker,https://api.openalex.org/works?filter=author.id:A5089310000,12.0,40.0,AU
A5073010651,Sabin Roman,https://api.openalex.org/works?filter=author.id:A5073010651,8.0,21.0,SI
A5073186689,Nicolas Scharowski,https://api.openalex.org/works?filter=author.id:A5073186689,6.0,15.0,CH
A5031344663,Masahiro Takamura,https://api.openalex.org/works?filter=author.id:A5031344663,25.0,113.0,
A5040984419,Dan Ariely,https://api.openalex.org/works?filter=author.id:A5040984419,91.0,478.0,US
A5011773766,Fabio Ciulla,https://api.openalex.org/works?filter=author.id:A5011773766,8.0,30.0,US
A5110627453,Anku Rani,https://api.openalex.org/works?filter=author.id:A5110627453,5.0,21.0,
A5007130586,Zihan Yan,https://api.openalex.org/works?filter=author.id:A5007130586,24.0,188.0,US
A5069579180,Nicolò Gozzi,https://api.openalex.org/works?filter=author.id:A5069579180,13.0,47.0,US
A5005262703,Tara Sowrirajan,https://api.openalex.org/works?filter=author.id:A5005262703,3.0,6.0,US
A5052696387,Simona Sacco,https://api.openalex.org/works?filter=author.id:A5052696387,72.0,542.0,IT
A5030630783,Sebastian F. K. Svegaard,https://api.openalex.org/works?filter=author.id:A5030630783,2.0,14.0,AU
A5038043083,Sanja Šćepanović,https://api.openalex.org/works?filter=author.id:A5038043083,13.0,95.0,FI
A5061221995,Davide Beraldo,https://api.openalex.org/works?filter=author.id:A5061221995,9.0,24.0,NL
A5054791973,Debbie A. Lawlor,https://api.openalex.org/works?filter=author.id:A5054791973,175.0,2106.0,GB
A5114994797,Ying Wang,https://api.openalex.org/works?filter=author.id:A5114994797,105.0,1496.0,CN
A5070489486,Anthony J. Olejniczak,https://api.openalex.org/works?filter=author.id:A5070489486,32.0,91.0,
A5015358540,Zerui Tian,https://api.openalex.org/works?filter=author.id:A5015358540,4.0,8.0,CN
A5101438520,Xiaoli Zhu,https://api.openalex.org/works?filter=author.id:A5101438520,16.0,118.0,CN
A5019523274,Josef Ginnerskov,https://api.openalex.org/works?filter=author.id:A5019523274,1.0,3.0,SE
A5027729234,Jennifer D. Allen,https://api.openalex.org/works?filter=author.id:A5027729234,47.0,154.0,US
A5004327296,Yangliu Fan,https://api.openalex.org/works?filter=author.id:A5004327296,2.0,8.0,DE
A5042318907,Benjamin F. Maier,https://api.openalex.org/works?filter=author.id:A5042318907,13.0,51.0,DK
A5036764962,Miriam Schirmer,https://api.openalex.org/works?filter=author.id:A5036764962,3.0,13.0,
A5030987696,Amir Ghasemian,https://api.openalex.org/works?filter=author.id:A5030987696,10.0,26.0,IR
A5101631682,Wenchang Wang,https://api.openalex.org/works?filter=author.id:A5101631682,36.0,228.0,CN
A5020125188,Claire Kelling,https://api.openalex.org/works?filter=author.id:A5020125188,6.0,21.0,
A5040651152,Andrew Schauf,https://api.openalex.org/works?filter=author.id:A5040651152,3.0,13.0,ID
A5064171835,Mathias Wullum Nielsen,https://api.openalex.org/works?filter=author.id:A5064171835,22.0,99.0,DK
A5113714609,Andrew Lippman,https://api.openalex.org/works?filter=author.id:A5113714609,32.0,148.0,
A5061629163,Rosa Lavelle-Hill,https://api.openalex.org/works?filter=author.id:A5061629163,8.0,35.0,DK
A5073502448,Yakov Bart,https://api.openalex.org/works?filter=author.id:A5073502448,18.0,85.0,US
A5022729086,Bijin Joseph,https://api.openalex.org/works?filter=author.id:A5022729086,2.0,5.0,IN
A5108621713,Nick Polson,https://api.openalex.org/works?filter=author.id:A5108621713,18.0,57.0,US
A5015889955,Padinjaredath Suresh Vishnuprasad,https://api.openalex.org/works?filter=author.id:A5015889955,3.0,3.0,AU
A5037882098,Dario Krpan,https://api.openalex.org/works?filter=author.id:A5037882098,14.0,71.0,
A5014175416,Felicia Löecherbach,https://api.openalex.org/works?filter=author.id:A5014175416,8.0,23.0,
A5124304715,Diego Fregolent Mendes de Oliveira,https://api.openalex.org/works?filter=author.id:A5124304715,0.0,2.0,US
A5028199267,Stefano Palminteri,https://api.openalex.org/works?filter=author.id:A5028199267,37.0,191.0,FR
A5102699008,Andrea Lo Sasso,https://api.openalex.org/works?filter=author.id:A5102699008,1.0,1.0,
A5065441417,Joshua T Vogelstein,https://api.openalex.org/works?filter=author.id:A5065441417,48.0,582.0,US
A5072281431,Lisa Oswald,https://api.openalex.org/works?filter=author.id:A5072281431,8.0,27.0,DE
A5029563909,Tal August,https://api.openalex.org/works?filter=author.id:A5029563909,13.0,43.0,
A5043181761,Jaakko Kuorikoski,https://api.openalex.org/works?filter=author.id:A5043181761,19.0,75.0,FI
A5005439864,Francesca Bolla Tripodi,https://api.openalex.org/works?filter=author.id:A5005439864,7.0,52.0,US
A5033106393,Simon S. Woo,https://api.openalex.org/works?filter=author.id:A5033106393,25.0,244.0,KR
A5002176910,Michael Tiemann,https://api.openalex.org/works?filter=author.id:A5002176910,35.0,196.0,DE
A5039995516,Aaron Reeves,https://api.openalex.org/works?filter=author.id:A5039995516,48.0,254.0,GB
A5002020728,Mikko Kivelä,https://api.openalex.org/works?filter=author.id:A5002020728,22.0,118.0,FI
A5065212478,Huilian Sophie Qiu,https://api.openalex.org/works?filter=author.id:A5065212478,8.0,22.0,
A5024378198,Shreya Havaldar,https://api.openalex.org/works?filter=author.id:A5024378198,8.0,32.0,US
A5031842660,Donghak Lee,https://api.openalex.org/works?filter=author.id:A5031842660,5.0,7.0,KR
A5038502391,Kevin Kei Ching Hung,https://api.openalex.org/works?filter=author.id:A5038502391,25.0,141.0,US
A5021991324,Anikó Bíró,https://api.openalex.org/works?filter=author.id:A5021991324,15.0,67.0,HU
A5102962995,Munmun De Choudhury,https://api.openalex.org/works?filter=author.id:A5102962995,63.0,311.0,US
A5046305810,Sabina Tomkins,https://api.openalex.org/works?filter=author.id:A5046305810,7.0,45.0,US
A5079591013,Jian‐Yong Zhu,https://api.openalex.org/works?filter=author.id:A5079591013,22.0,82.0,CN
A5111084104,Jonathan Ivey,https://api.openalex.org/works?filter=author.id:A5111084104,1.0,5.0,
A5084195072,Zheng Xiang,https://api.openalex.org/works?filter=author.id:A5084195072,44.0,210.0,CN
A5070346701,Jason W. Burton,https://api.openalex.org/works?filter=author.id:A5070346701,6.0,26.0,DK
A5071586190,Tiziano Piccardi,https://api.openalex.org/works?filter=author.id:A5071586190,10.0,65.0,US
A5049055745,Jiaxin Pei,https://api.openalex.org/works?filter=author.id:A5049055745,11.0,46.0,CN
A5018646665,Hope Schroeder,https://api.openalex.org/works?filter=author.id:A5018646665,5.0,15.0,US
A5100606726,Yifei Chen,https://api.openalex.org/works?filter=author.id:A5100606726,46.0,305.0,CN
A5091770864,Anna De Simoni,https://api.openalex.org/works?filter=author.id:A5091770864,23.0,100.0,GB
A5081376690,Xing Xie,https://api.openalex.org/works?filter=author.id:A5081376690,51.0,216.0,CN
A5100369134,Taehee Kim,https://api.openalex.org/works?filter=author.id:A5100369134,26.0,87.0,KR
A5040581923,Kohei Nakachi,https://api.openalex.org/works?filter=author.id:A5040581923,23.0,93.0,JP
A5085520492,Caiting Li,https://api.openalex.org/works?filter=author.id:A5085520492,62.0,268.0,CN
A5049679668,Ethan Zuckerman,https://api.openalex.org/works?filter=author.id:A5049679668,23.0,96.0,US
A5072046918,Joshua A. Tucker,https://api.openalex.org/works?filter=author.id:A5072046918,62.0,417.0,US
A5093402679,Andrea W Wen-Yi,https://api.openalex.org/works?filter=author.id:A5093402679,2.0,8.0,US
A5016371653,Michele Starnini,https://api.openalex.org/works?filter=author.id:A5016371653,24.0,90.0,IT
A5083918574,Shiori Hironaka,https://api.openalex.org/works?filter=author.id:A5083918574,4.0,24.0,
A5089735707,Елена Чечик,https://api.openalex.org/works?filter=author.id:A5089735707,2.0,12.0,
A5054380585,Sarah Marie Müller,https://api.openalex.org/works?filter=author.id:A5054380585,2.0,8.0,CH
A5069375338,Philipp Koch,https://api.openalex.org/works?filter=author.id:A5069375338,41.0,176.0,DE
A5018108132,Alessandro Lomi,https://api.openalex.org/works?filter=author.id:A5018108132,35.0,187.0,CH
A5031039880,Kristina Gligorić,https://api.openalex.org/works?filter=author.id:A5031039880,10.0,48.0,
A5075717967,Cristián Candia,https://api.openalex.org/works?filter=author.id:A5075717967,8.0,57.0,US
A5026867670,Connor Jerzak,https://api.openalex.org/works?filter=author.id:A5026867670,5.0,509.0,SE
A5002826369,María Reneses,https://api.openalex.org/works?filter=author.id:A5002826369,2.0,12.0,ES
A5053982410,Fábio Sartori,https://api.openalex.org/works?filter=author.id:A5053982410,14.0,129.0,IT
A5070855193,Jan Karem Höhne,https://api.openalex.org/works?filter=author.id:A5070855193,16.0,69.0,DE
A5014095574,Sally J. Rogers,https://api.openalex.org/works?filter=author.id:A5014095574,114.0,953.0,US
A5023405697,Sangpil Youm,https://api.openalex.org/works?filter=author.id:A5023405697,3.0,4.0,US
A5057564770,Michael Yeomans,https://api.openalex.org/works?filter=author.id:A5057564770,15.0,56.0,GB
A5099120990,Adeline Clarke,https://api.openalex.org/works?filter=author.id:A5099120990,0.0,3.0,
A5035237325,Barbara Kamińska,https://api.openalex.org/works?filter=author.id:A5035237325,19.0,86.0,
A5000979874,Tobias Stark,https://api.openalex.org/works?filter=author.id:A5000979874,21.0,139.0,NL
A5079920605,Pong C. Yuen,https://api.openalex.org/works?filter=author.id:A5079920605,64.0,345.0,HK
A5048176602,Vedran Sekara,https://api.openalex.org/works?filter=author.id:A5048176602,12.0,43.0,US
A5078658990,Yann Renisio,https://api.openalex.org/works?filter=author.id:A5078658990,4.0,30.0,FR
A5001225581,Maria Antoniak,https://api.openalex.org/works?filter=author.id:A5001225581,8.0,50.0,US
A5092474581,Emma Fraxanet,https://api.openalex.org/works?filter=author.id:A5092474581,1.0,6.0,ES
A5058212934,David Bamman,https://api.openalex.org/works?filter=author.id:A5058212934,29.0,106.0,US
A5063955285,Jermain Kaminski,https://api.openalex.org/works?filter=author.id:A5063955285,11.0,29.0,NL
A5047713899,Ofer Tchernichovski,https://api.openalex.org/works?filter=author.id:A5047713899,29.0,101.0,
A5054094267,Jennifer L. Eberhardt,https://api.openalex.org/works?filter=author.id:A5054094267,30.0,93.0,US
A5025327242,Ignacio Galvarino Toledo Román,https://api.openalex.org/works?filter=author.id:A5025327242,1.0,1.0,
A5109819791,Jonathan Sakunkoo,https://api.openalex.org/works?filter=author.id:A5109819791,0.0,5.0,US
A5043382223,Babak Hemmatian,https://api.openalex.org/works?filter=author.id:A5043382223,6.0,32.0,US
A5031680408,Drew Johnston,https://api.openalex.org/works?filter=author.id:A5031680408,9.0,29.0,US
A5018152308,M. Zoll,https://api.openalex.org/works?filter=author.id:A5018152308,53.0,115.0,
A5024099895,Mingqian Zheng,https://api.openalex.org/works?filter=author.id:A5024099895,3.0,8.0,
A5016223874,Frederico Francisco,https://api.openalex.org/works?filter=author.id:A5016223874,9.0,40.0,PT
A5065284861,Lara Kirfel,https://api.openalex.org/works?filter=author.id:A5065284861,9.0,26.0,DE
A5021538265,Elisabetta Colosi,https://api.openalex.org/works?filter=author.id:A5021538265,4.0,12.0,FR
A5073874233,Yasmine Houri,https://api.openalex.org/works?filter=author.id:A5073874233,1.0,1.0,FR
A5045847972,Sarah McKetta,https://api.openalex.org/works?filter=author.id:A5045847972,20.0,65.0,US
A5067493080,Agostino Merico,https://api.openalex.org/works?filter=author.id:A5067493080,34.0,93.0,DE
A5074270541,Kevin Carmody,https://api.openalex.org/works?filter=author.id:A5074270541,3.0,11.0,GB
A5065022263,Juan Pablo Bascur,https://api.openalex.org/works?filter=author.id:A5065022263,4.0,14.0,NL
A5010677626,Shuhei Kurizaki,https://api.openalex.org/works?filter=author.id:A5010677626,6.0,12.0,JP
A5058766860,Oded Cats,https://api.openalex.org/works?filter=author.id:A5058766860,56.0,431.0,SE
A5069311949,Ryosuke Yamanishi,https://api.openalex.org/works?filter=author.id:A5069311949,8.0,121.0,JP
A5071329338,Xudong Tang,https://api.openalex.org/works?filter=author.id:A5071329338,28.0,175.0,CN
A5018297686,Johan Järlehed,https://api.openalex.org/works?filter=author.id:A5018297686,10.0,32.0,NL
A5030092162,Emilio Calvano,https://api.openalex.org/works?filter=author.id:A5030092162,19.0,46.0,
A5090347814,Paula Andrea Pérez-Toro,https://api.openalex.org/works?filter=author.id:A5090347814,11.0,73.0,DE
A5085261603,Niccolò Di Marco,https://api.openalex.org/works?filter=author.id:A5085261603,7.0,44.0,
A5064802580,Dimitrios Kokkinakis,https://api.openalex.org/works?filter=author.id:A5064802580,15.0,106.0,SE
A5031948957,Viviane Eiko Ito Yamasaki,https://api.openalex.org/works?filter=author.id:A5031948957,2.0,9.0,
A5101757276,Felix Gaisbauer,https://api.openalex.org/works?filter=author.id:A5101757276,6.0,23.0,DE
A5100420388,Hong Chen,https://api.openalex.org/works?filter=author.id:A5100420388,82.0,1202.0,CN
A5037188851,David Gamba,https://api.openalex.org/works?filter=author.id:A5037188851,1.0,5.0,US
A5124876464,Axel Alness Borg,https://api.openalex.org/works?filter=author.id:A5124876464,0.0,1.0,SE
A5077865016,Larry V. Hedges,https://api.openalex.org/works?filter=author.id:A5077865016,98.0,450.0,US
A5066295934,Denitsa Saynova,https://api.openalex.org/works?filter=author.id:A5066295934,2.0,9.0,
A5088448789,Federico Battiston,https://api.openalex.org/works?filter=author.id:A5088448789,29.0,130.0,
A5015797850,Nabeel Gillani,https://api.openalex.org/works?filter=author.id:A5015797850,9.0,41.0,US
A5100675358,Ai‐Jun Wang,https://api.openalex.org/works?filter=author.id:A5100675358,81.0,724.0,US
A5071428099,Matilda Hellman,https://api.openalex.org/works?filter=author.id:A5071428099,17.0,246.0,SE
A5022089542,Seth Frey,https://api.openalex.org/works?filter=author.id:A5022089542,14.0,99.0,US
A5032016061,Toby E. Stuart,https://api.openalex.org/works?filter=author.id:A5032016061,44.0,111.0,
A5071165327,Jar‐Der Luo,https://api.openalex.org/works?filter=author.id:A5071165327,16.0,59.0,CN
A5029529751,Isabelle Langrock,https://api.openalex.org/works?filter=author.id:A5029529751,3.0,8.0,FR
A5006294869,Chunhua Shen,https://api.openalex.org/works?filter=author.id:A5006294869,122.0,856.0,US
A5025102458,Youjae Yi,https://api.openalex.org/works?filter=author.id:A5025102458,46.0,234.0,KR
A5110391597,Daniel S. Cowen,https://api.openalex.org/works?filter=author.id:A5110391597,23.0,39.0,CA
A5100456227,Yan Zhang,https://api.openalex.org/works?filter=author.id:A5100456227,86.0,2790.0,CN
A5100718209,Luong T. Nguyen,https://api.openalex.org/works?filter=author.id:A5100718209,46.0,122.0,VN
A5065435667,Yingrong Mao,https://api.openalex.org/works?filter=author.id:A5065435667,1.0,1.0,CN
A5034863610,Stefan Kitzler,https://api.openalex.org/works?filter=author.id:A5034863610,4.0,20.0,AT
A5065023939,Holly Zhou,https://api.openalex.org/works?filter=author.id:A5065023939,21.0,53.0,CN
A5070635389,Tobias Dalberg,https://api.openalex.org/works?filter=author.id:A5070635389,5.0,28.0,SE
A5049625771,Yan Liang,https://api.openalex.org/works?filter=author.id:A5049625771,36.0,107.0,CN
A5086908160,Gert Stulp,https://api.openalex.org/works?filter=author.id:A5086908160,30.0,120.0,NL
A5019278466,Lei Huang,https://api.openalex.org/works?filter=author.id:A5019278466,45.0,263.0,CN
A5113279801,Szilvia Rudas,https://api.openalex.org/works?filter=author.id:A5113279801,2.0,4.0,HU
A5013502953,Julia Koehler,https://api.openalex.org/works?filter=author.id:A5013502953,8.0,20.0,US
A5070753993,Maximilian Schich,https://api.openalex.org/works?filter=author.id:A5070753993,9.0,50.0,EE
A5100391883,Wei Wang,https://api.openalex.org/works?filter=author.id:A5100391883,111.0,2539.0,CN
A5056169745,Paschalis Steiropoulos,https://api.openalex.org/works?filter=author.id:A5056169745,44.0,402.0,GR
A5113226689,Brandon Stewart,https://api.openalex.org/works?filter=author.id:A5113226689,31.0,305.0,US
A5079452617,Viola Priesemann,https://api.openalex.org/works?filter=author.id:A5079452617,37.0,248.0,DE
A5026949484,Philipp Lorenz-Spreen,https://api.openalex.org/works?filter=author.id:A5026949484,20.0,82.0,DE
A5061900944,Alessia Melegaro,https://api.openalex.org/works?filter=author.id:A5061900944,41.0,136.0,IT
A5086655976,Anne-Marie Nußberger,https://api.openalex.org/works?filter=author.id:A5086655976,11.0,34.0,GB
A5067953991,Aliakbar Akbaritabar,https://api.openalex.org/works?filter=author.id:A5067953991,12.0,57.0,DE
A5061923992,Haewoon Kwak,https://api.openalex.org/works?filter=author.id:A5061923992,41.0,205.0,US
A5013281995,Chrysoula Kosma,https://api.openalex.org/works?filter=author.id:A5013281995,2.0,9.0,FR
A5071778778,René F. Kizilcec,https://api.openalex.org/works?filter=author.id:A5071778778,35.0,187.0,
A5056067943,Xinyu Yang,https://api.openalex.org/works?filter=author.id:A5056067943,44.0,543.0,CN
A5028705781,Chiara Chiavenna,https://api.openalex.org/works?filter=author.id:A5028705781,6.0,21.0,
A5092587955,Jarren L. Nylund,https://api.openalex.org/works?filter=author.id:A5092587955,3.0,10.0,AU
A5027019842,Lorenzo Lucchini,https://api.openalex.org/works?filter=author.id:A5027019842,8.0,36.0,
A5053332520,Mathias Humbert,https://api.openalex.org/works?filter=author.id:A5053332520,21.0,96.0,CH
A5074193638,Carl Öhman,https://api.openalex.org/works?filter=author.id:A5074193638,9.0,33.0,SE
A5100605178,Seung Hee Lee,https://api.openalex.org/works?filter=author.id:A5100605178,51.0,516.0,IN
A5074377249,Ben Dennes,https://api.openalex.org/works?filter=author.id:A5074377249,1.0,2.0,GB
A5091010256,Nils Gustafsson,https://api.openalex.org/works?filter=author.id:A5091010256,28.0,176.0,SE
A5100447435,Jiyoung Lee,https://api.openalex.org/works?filter=author.id:A5100447435,41.0,253.0,KR
A5061797775,Zhiwei Yang,https://api.openalex.org/works?filter=author.id:A5061797775,46.0,353.0,CN
A5100329996,Xi Chen,https://api.openalex.org/works?filter=author.id:A5100329996,114.0,2257.0,CN
A5063013145,Diletta Goglia,https://api.openalex.org/works?filter=author.id:A5063013145,2.0,6.0,IT
A5101494984,Aimee W. Smith,https://api.openalex.org/works?filter=author.id:A5101494984,15.0,52.0,IE
A5064437896,Sandra González‐Bailón,https://api.openalex.org/works?filter=author.id:A5064437896,31.0,116.0,US
A5035232681,Pratyush Yadav,https://api.openalex.org/works?filter=author.id:A5035232681,3.0,5.0,
A5007660810,Atreyi Kankanhalli,https://api.openalex.org/works?filter=author.id:A5007660810,53.0,222.0,SG
A5010008842,Aparna Balagopalan,https://api.openalex.org/works?filter=author.id:A5010008842,10.0,35.0,US
A5019962493,Renáta Topinková,https://api.openalex.org/works?filter=author.id:A5019962493,3.0,13.0,CZ
A5015566794,Károly Takács,https://api.openalex.org/works?filter=author.id:A5015566794,21.0,109.0,SE
A5016665259,Ryo Sasaki,https://api.openalex.org/works?filter=author.id:A5016665259,23.0,211.0,JP
A5010544062,Rachith Aiyappa,https://api.openalex.org/works?filter=author.id:A5010544062,2.0,4.0,US
A5085100954,Angel Hsing‐Chi Hwang,https://api.openalex.org/works?filter=author.id:A5085100954,10.0,45.0,
A5117102208,Manon Delvaux,https://api.openalex.org/works?filter=author.id:A5117102208,0.0,2.0,
A5118958020,Cesar Marín-Flores,https://api.openalex.org/works?filter=author.id:A5118958020,0.0,2.0,
A5065140311,Robert Paluch,https://api.openalex.org/works?filter=author.id:A5065140311,5.0,14.0,PL
A5100951653,Yuliang Xu,https://api.openalex.org/works?filter=author.id:A5100951653,18.0,50.0,US
A5007875216,Alex Berke,https://api.openalex.org/works?filter=author.id:A5007875216,10.0,37.0,US
A5060009020,Travis Coan,https://api.openalex.org/works?filter=author.id:A5060009020,21.0,83.0,GB
A5088086711,Karen Lee Hansen,https://api.openalex.org/works?filter=author.id:A5088086711,6.0,18.0,DK
A5068647614,Alessandro Lozza,https://api.openalex.org/works?filter=author.id:A5068647614,23.0,90.0,BE
A5042355795,Matthew Groh,https://api.openalex.org/works?filter=author.id:A5042355795,17.0,71.0,US
A5093362621,Helena Rauxloh,https://api.openalex.org/works?filter=author.id:A5093362621,2.0,6.0,DE
A5037695522,Erik Weis,https://api.openalex.org/works?filter=author.id:A5037695522,11.0,55.0,
A5049314735,Andrew Crooks,https://api.openalex.org/works?filter=author.id:A5049314735,42.0,210.0,
A5021609298,Lucila G. Alvarez-Zuzek,https://api.openalex.org/works?filter=author.id:A5021609298,8.0,16.0,IT
A5039190362,N. Sahakyan,https://api.openalex.org/works?filter=author.id:A5039190362,29.0,231.0,AM
A5040666037,Lucius Caviola,https://api.openalex.org/works?filter=author.id:A5040666037,22.0,113.0,GB
A5073734735,Daniel Matter,https://api.openalex.org/works?filter=author.id:A5073734735,10.0,31.0,US
A5119050137,Emma Bonutti d'Agostini,https://api.openalex.org/works?filter=author.id:A5119050137,1.0,1.0,FR
A5084972098,Jesús Gómez‐Gardeñes,https://api.openalex.org/works?filter=author.id:A5084972098,53.0,207.0,
A5003579515,Kenan Alkiek,https://api.openalex.org/works?filter=author.id:A5003579515,2.0,6.0,
A5049240073,Vicky Chuqiao Yang,https://api.openalex.org/works?filter=author.id:A5049240073,8.0,45.0,JP
A5105892330,Moena Hashimoto,https://api.openalex.org/works?filter=author.id:A5105892330,1.0,4.0,
A5048877432,Bruno Lepri,https://api.openalex.org/works?filter=author.id:A5048877432,46.0,353.0,IT
A5086112254,Marshall Van Alstyne,https://api.openalex.org/works?filter=author.id:A5086112254,39.0,162.0,US
A5069671758,Ivano Bison,https://api.openalex.org/works?filter=author.id:A5069671758,12.0,44.0,IT
A5071725999,Ian Lundberg,https://api.openalex.org/works?filter=author.id:A5071725999,10.0,200.0,US
A5003520539,Hadi Asghari-Moghaddam,https://api.openalex.org/works?filter=author.id:A5003520539,7.0,12.0,US
A5005645734,Akihiro Kameda,https://api.openalex.org/works?filter=author.id:A5005645734,7.0,23.0,US
A5036868218,Bedoor AlShebli,https://api.openalex.org/works?filter=author.id:A5036868218,14.0,37.0,AE
A5080488841,Norina Anna Furrer,https://api.openalex.org/works?filter=author.id:A5080488841,1.0,3.0,CH
A5068182184,Andrea Baronchelli,https://api.openalex.org/works?filter=author.id:A5068182184,46.0,256.0,GB
A5100393445,Yixin Chen,https://api.openalex.org/works?filter=author.id:A5100393445,47.0,332.0,CN
A5058408154,Daniel E. Ho,https://api.openalex.org/works?filter=author.id:A5058408154,35.0,242.0,US
A5085927300,Kathleen M. Carley,https://api.openalex.org/works?filter=author.id:A5085927300,80.0,881.0,
A5047464344,Jens Dörpinghaus,https://api.openalex.org/works?filter=author.id:A5047464344,9.0,77.0,
A5073853084,Ingo Zettler,https://api.openalex.org/works?filter=author.id:A5073853084,51.0,234.0,DK
A5023341808,Marko Čuljak,https://api.openalex.org/works?filter=author.id:A5023341808,1.0,10.0,
A5075302056,Mona Sloane,https://api.openalex.org/works?filter=author.id:A5075302056,12.0,61.0,US
A5005839111,Balázs Lengyel,https://api.openalex.org/works?filter=author.id:A5005839111,22.0,173.0,HU
A5103781592,Wan-zhen Yao,https://api.openalex.org/works?filter=author.id:A5103781592,28.0,145.0,CN
A5102002026,Wenlan Zhang,https://api.openalex.org/works?filter=author.id:A5102002026,32.0,94.0,CN
A5101866798,Beom Jun Kim,https://api.openalex.org/works?filter=author.id:A5101866798,31.0,235.0,KR
A5058087802,Takashi Egawa,https://api.openalex.org/works?filter=author.id:A5058087802,48.0,765.0,JP
A5015319043,Adriënne M. Mendrik,https://api.openalex.org/works?filter=author.id:A5015319043,14.0,43.0,NL
A5014640639,Kent Larson,https://api.openalex.org/works?filter=author.id:A5014640639,22.0,142.0,ES
A5066951068,Amir Tohidi Kalorazi,https://api.openalex.org/works?filter=author.id:A5066951068,0.0,1.0,
A5072703507,Christo Wilson,https://api.openalex.org/works?filter=author.id:A5072703507,51.0,153.0,US
A5006578976,Theresa Kuchler,https://api.openalex.org/works?filter=author.id:A5006578976,31.0,97.0,US
A5052445343,Laura Dioşan,https://api.openalex.org/works?filter=author.id:A5052445343,15.0,136.0,RO
A5011976528,Ben Lasse Wolf,https://api.openalex.org/works?filter=author.id:A5011976528,0.0,3.0,DE
A5084303908,Júlia Koltai,https://api.openalex.org/works?filter=author.id:A5084303908,13.0,68.0,HU
A5114988046,Edoardo Di Martino,https://api.openalex.org/works?filter=author.id:A5114988046,1.0,6.0,IT
A5043880276,Ilkka Mäkinen,https://api.openalex.org/works?filter=author.id:A5043880276,18.0,162.0,
A5022243966,Vincenz Frey,https://api.openalex.org/works?filter=author.id:A5022243966,10.0,25.0,
A5043926040,Philip S. Chodrow,https://api.openalex.org/works?filter=author.id:A5043926040,7.0,28.0,US
A5031039880,Kristina Gligorić,https://api.openalex.org/works?filter=author.id:A5031039880,10.0,48.0,
A5027253160,Zhouhan Chen,https://api.openalex.org/works?filter=author.id:A5027253160,6.0,7.0,CN
A5031799782,Nicola Perra,https://api.openalex.org/works?filter=author.id:A5031799782,36.0,139.0,US
A5090414289,Bao Tran Truong,https://api.openalex.org/works?filter=author.id:A5090414289,7.0,18.0,
A5092515835,Simon Walo,https://api.openalex.org/works?filter=author.id:A5092515835,3.0,6.0,CH
A5064805356,Junrong Yan,https://api.openalex.org/works?filter=author.id:A5064805356,21.0,124.0,CN
A5048056611,Clemens Stachl,https://api.openalex.org/works?filter=author.id:A5048056611,21.0,93.0,CH
A5016705181,Viktor Stojkoski,https://api.openalex.org/works?filter=author.id:A5016705181,15.0,100.0,HU
A5109368065,Jan van der Laan,https://api.openalex.org/works?filter=author.id:A5109368065,9.0,42.0,NL
A5100451477,Jisu Kim,https://api.openalex.org/works?filter=author.id:A5100451477,30.0,322.0,KR
A5069426228,Caspar J. Van Lissa,https://api.openalex.org/works?filter=author.id:A5069426228,36.0,200.0,NL
A5013939121,Seokwoo Jeon,https://api.openalex.org/works?filter=author.id:A5013939121,65.0,288.0,TH
A5059953820,Bella Struminskaya,https://api.openalex.org/works?filter=author.id:A5059953820,14.0,73.0,NL
A5053529497,Andreas Kaltenbrunner,https://api.openalex.org/works?filter=author.id:A5053529497,27.0,134.0,ES
A5008132739,Aleksandra Torbica,https://api.openalex.org/works?filter=author.id:A5008132739,35.0,190.0,IT
A5089395967,Aaron Nichols,https://api.openalex.org/works?filter=author.id:A5089395967,3.0,10.0,US
A5065382850,Manfred Stede,https://api.openalex.org/works?filter=author.id:A5065382850,29.0,256.0,US
A5066756066,Gabriella Pasi,https://api.openalex.org/works?filter=author.id:A5066756066,38.0,484.0,IT
A5055808555,Daniel Molitor,https://api.openalex.org/works?filter=author.id:A5055808555,23.0,82.0,LU
A5114285271,Ariel Flint Ashery,https://api.openalex.org/works?filter=author.id:A5114285271,1.0,2.0,US
A5041273626,Diego Garlaschelli,https://api.openalex.org/works?filter=author.id:A5041273626,37.0,227.0,KR
A5079596102,Márton Karsai,https://api.openalex.org/works?filter=author.id:A5079596102,30.0,207.0,HU
A5072186861,Carolina Coimbra Vieira,https://api.openalex.org/works?filter=author.id:A5072186861,6.0,25.0,
A5030831197,Katherine L. Milkman,https://api.openalex.org/works?filter=author.id:A5030831197,47.0,180.0,
A5022754313,Hause Lin,https://api.openalex.org/works?filter=author.id:A5022754313,19.0,89.0,
A5076251583,Elisa Klüger,https://api.openalex.org/works?filter=author.id:A5076251583,5.0,21.0,FR
A5001076668,Amr Hilal,https://api.openalex.org/works?filter=author.id:A5001076668,5.0,23.0,US
A5024663213,Jim A. C. Everett,https://api.openalex.org/works?filter=author.id:A5024663213,30.0,102.0,GB
A5091517270,Mikael Bask,https://api.openalex.org/works?filter=author.id:A5091517270,19.0,87.0,SE
A5063913041,Jie Hua,https://api.openalex.org/works?filter=author.id:A5063913041,43.0,197.0,
A5044719894,Michele Tizzani,https://api.openalex.org/works?filter=author.id:A5044719894,10.0,28.0,IT
A5016778166,Gergely Mónus,https://api.openalex.org/works?filter=author.id:A5016778166,3.0,4.0,
A5007178173,Jacy Reese Anthis,https://api.openalex.org/works?filter=author.id:A5007178173,8.0,45.0,US
A5013712887,Sandra Babcock,https://api.openalex.org/works?filter=author.id:A5013712887,2.0,18.0,US
A5069227151,Smita Mohanty,https://api.openalex.org/works?filter=author.id:A5069227151,66.0,559.0,IN
A5013785466,Malte Reichelt,https://api.openalex.org/works?filter=author.id:A5013785466,9.0,32.0,DE
A5010495671,Nicholas A. Christakis,https://api.openalex.org/works?filter=author.id:A5010495671,98.0,407.0,US
A5073774344,Ronald E. Robertson,https://api.openalex.org/works?filter=author.id:A5073774344,18.0,56.0,US
A5093992721,Alexandria Leto,https://api.openalex.org/works?filter=author.id:A5093992721,1.0,4.0,
A5038895553,Cristian Jara-Figueroa,https://api.openalex.org/works?filter=author.id:A5038895553,9.0,41.0,
A5064158757,Daniel M. Romero,https://api.openalex.org/works?filter=author.id:A5064158757,26.0,112.0,US
A5073544378,Luı́s A. Nunes Amaral,https://api.openalex.org/works?filter=author.id:A5073544378,79.0,371.0,US
A5056499434,David G. Rand,https://api.openalex.org/works?filter=author.id:A5056499434,98.0,566.0,US
A5064296464,Xiaoqing Hu,https://api.openalex.org/works?filter=author.id:A5064296464,27.0,142.0,CN
A5014647140,Aaron Clauset,https://api.openalex.org/works?filter=author.id:A5014647140,47.0,267.0,US
A5024468323,Anastasia Menshikova,https://api.openalex.org/works?filter=author.id:A5024468323,2.0,6.0,SE
A5102733770,Anna Seo Gyeong Choi,https://api.openalex.org/works?filter=author.id:A5102733770,3.0,13.0,US
A5115780937,Efe Tuzun,https://api.openalex.org/works?filter=author.id:A5115780937,0.0,1.0,
A5047340885,Wendy S. Post,https://api.openalex.org/works?filter=author.id:A5047340885,103.0,916.0,US
A5039707142,Byunghwee Lee,https://api.openalex.org/works?filter=author.id:A5039707142,4.0,16.0,US
A5084480163,Giuseppe Carteny,https://api.openalex.org/works?filter=author.id:A5084480163,3.0,27.0,DE
A5076294545,Lorenzo Bertani,https://api.openalex.org/works?filter=author.id:A5076294545,29.0,194.0,IT
A5065218859,Upasana Dutta,https://api.openalex.org/works?filter=author.id:A5065218859,5.0,12.0,IN
A5008551833,Derek Ouyang,https://api.openalex.org/works?filter=author.id:A5008551833,8.0,36.0,US
A5005205473,Yann Vonlanthen,https://api.openalex.org/works?filter=author.id:A5005205473,3.0,24.0,CH
A5013469439,Zhi Su,https://api.openalex.org/works?filter=author.id:A5013469439,45.0,335.0,CN
A5016780363,Luca Maria Pesando,https://api.openalex.org/works?filter=author.id:A5016780363,16.0,58.0,AE
A5077871284,Anastassia Vybornova,https://api.openalex.org/works?filter=author.id:A5077871284,5.0,23.0,DK
A5055877209,Joshua E. Rosen,https://api.openalex.org/works?filter=author.id:A5055877209,19.0,53.0,US
A5115653580,Elena D’Agnese,https://api.openalex.org/works?filter=author.id:A5115653580,1.0,6.0,IT
A5025259559,Samantha D'Alonzo,https://api.openalex.org/works?filter=author.id:A5025259559,3.0,4.0,US
A5076364930,Farnaz Jahanbakhsh,https://api.openalex.org/works?filter=author.id:A5076364930,9.0,23.0,
A5070356107,Matthew DeVerna,https://api.openalex.org/works?filter=author.id:A5070356107,9.0,278.0,US
A5111510233,Anders Weile Larsen,https://api.openalex.org/works?filter=author.id:A5111510233,1.0,4.0,
A5006672000,Heiko Rauhut,https://api.openalex.org/works?filter=author.id:A5006672000,16.0,83.0,
A5060834533,Ksenia Mukhina,https://api.openalex.org/works?filter=author.id:A5060834533,8.0,61.0,EE
A5003185083,Andrew Beers,https://api.openalex.org/works?filter=author.id:A5003185083,22.0,80.0,US
A5073160298,Clare Llewellyn,https://api.openalex.org/works?filter=author.id:A5073160298,50.0,246.0,GB
A5076021360,Shubham Atreja,https://api.openalex.org/works?filter=author.id:A5076021360,9.0,24.0,US
A5080973755,Filippo Zimmaro,https://api.openalex.org/works?filter=author.id:A5080973755,4.0,15.0,IT
A5102925288,Margaret Y. MacDonald,https://api.openalex.org/works?filter=author.id:A5102925288,16.0,80.0,CA
A5070433540,Vincent Traag,https://api.openalex.org/works?filter=author.id:A5070433540,24.0,123.0,NL
A5024795472,Éric Gilbert,https://api.openalex.org/works?filter=author.id:A5024795472,55.0,210.0,US
A5088453666,Andrew S. Kayser,https://api.openalex.org/works?filter=author.id:A5088453666,24.0,76.0,US
A5113390774,Ruggero Marino Lazzaroni,https://api.openalex.org/works?filter=author.id:A5113390774,1.0,2.0,DE
A5068309731,A. Hinzmann,https://api.openalex.org/works?filter=author.id:A5068309731,137.0,1810.0,DE
A5032616680,Mingmin Feng,https://api.openalex.org/works?filter=author.id:A5032616680,1.0,2.0,US
A5089413311,Diyi Yang,https://api.openalex.org/works?filter=author.id:A5089413311,46.0,357.0,US
A5090759530,Kevin E. Tiede,https://api.openalex.org/works?filter=author.id:A5090759530,6.0,18.0,DE
A5113373189,Shambhobi Bhattacharya,https://api.openalex.org/works?filter=author.id:A5113373189,0.0,1.0,
A5046189285,Stanley Ching‐Cheng Huang,https://api.openalex.org/works?filter=author.id:A5046189285,34.0,68.0,US
A5002901620,Elisa Omodei,https://api.openalex.org/works?filter=author.id:A5002901620,10.0,59.0,AT
A5030569800,C. Diana Jordan,https://api.openalex.org/works?filter=author.id:A5030569800,10.0,22.0,ZA
A5111619738,Richard O. Cannon,https://api.openalex.org/works?filter=author.id:A5111619738,74.0,230.0,
A5078875628,Keigo Kusumegi,https://api.openalex.org/works?filter=author.id:A5078875628,1.0,4.0,JP
A5020702662,Tasuku Igarashi,https://api.openalex.org/works?filter=author.id:A5020702662,14.0,87.0,JP
A5041723151,Maria Cucciniello,https://api.openalex.org/works?filter=author.id:A5041723151,24.0,86.0,IT
A5021564671,Andrew Halterman,https://api.openalex.org/works?filter=author.id:A5021564671,2.0,3.0,US
A5048263971,Geoffrey Haddock,https://api.openalex.org/works?filter=author.id:A5048263971,36.0,145.0,GB
A5034728614,Matti Nelimarkka,https://api.openalex.org/works?filter=author.id:A5034728614,17.0,91.0,FI
A5099137399,Sushrita Rakshit,https://api.openalex.org/works?filter=author.id:A5099137399,1.0,5.0,
A5045475903,Vasiliki Fouka,https://api.openalex.org/works?filter=author.id:A5045475903,16.0,131.0,US
A5011168888,Homa Hosseinmardi,https://api.openalex.org/works?filter=author.id:A5011168888,13.0,23.0,
A5052194553,F. Dal Corso,https://api.openalex.org/works?filter=author.id:A5052194553,25.0,80.0,IT
A5079294298,Émilien Schultz,https://api.openalex.org/works?filter=author.id:A5079294298,11.0,114.0,FR
A5114445221,Shiva Nadi Najafabadi,https://api.openalex.org/works?filter=author.id:A5114445221,1.0,3.0,NL
A5046908604,Taha Yasseri,https://api.openalex.org/works?filter=author.id:A5046908604,27.0,170.0,IE
A5099860123,Björn Komander,https://api.openalex.org/works?filter=author.id:A5099860123,1.0,1.0,
A5007830440,Alex Koch,https://api.openalex.org/works?filter=author.id:A5007830440,24.0,79.0,
A5069426228,Caspar J. Van Lissa,https://api.openalex.org/works?filter=author.id:A5069426228,36.0,200.0,NL
A5016623850,Lizeng Gao,https://api.openalex.org/works?filter=author.id:A5016623850,60.0,179.0,CN
A5030344964,Diego José Donoso Vargas,https://api.openalex.org/works?filter=author.id:A5030344964,2.0,10.0,EC
A5012745533,Marilena Hohmann,https://api.openalex.org/works?filter=author.id:A5012745533,2.0,3.0,DK
A5116019828,Niclas Frederic Sturm,https://api.openalex.org/works?filter=author.id:A5116019828,1.0,2.0,PT
A5042696215,Troels Koch,https://api.openalex.org/works?filter=author.id:A5042696215,32.0,98.0,US
A5026429870,Jad Kabbara,https://api.openalex.org/works?filter=author.id:A5026429870,8.0,32.0,
A5010373001,Eelke M. Heemskerk,https://api.openalex.org/works?filter=author.id:A5010373001,28.0,111.0,
A5033400036,Angelina Voggenreiter,https://api.openalex.org/works?filter=author.id:A5033400036,2.0,5.0,DE
A5070063054,Marzyeh Ghassemi,https://api.openalex.org/works?filter=author.id:A5070063054,52.0,293.0,RU
A5047677855,Julia A. Minson,https://api.openalex.org/works?filter=author.id:A5047677855,21.0,74.0,
A5072495084,Emmanuel J. Candès,https://api.openalex.org/works?filter=author.id:A5072495084,88.0,299.0,
A5095839226,Pablo Biedma,https://api.openalex.org/works?filter=author.id:A5095839226,0.0,1.0,
A5054686259,Charles Dorison,https://api.openalex.org/works?filter=author.id:A5054686259,14.0,70.0,US
A5024215194,Tobias Werner,https://api.openalex.org/works?filter=author.id:A5024215194,34.0,122.0,DE
A5033227248,Fortune Nwaiwu,https://api.openalex.org/works?filter=author.id:A5033227248,8.0,21.0,GB
A5012092057,Rezvaneh Rezapour,https://api.openalex.org/works?filter=author.id:A5012092057,8.0,66.0,
A5051075106,Lasse Mohr,https://api.openalex.org/works?filter=author.id:A5051075106,1.0,2.0,
A5060903289,Josh Nguyen,https://api.openalex.org/works?filter=author.id:A5060903289,4.0,14.0,AU
A5046449632,Hannes Taubenböck,https://api.openalex.org/works?filter=author.id:A5046449632,52.0,483.0,DE
A5007241438,Emanuel Wittberg,https://api.openalex.org/works?filter=author.id:A5007241438,5.0,23.0,SE
A5028191957,Junsol Kim,https://api.openalex.org/works?filter=author.id:A5028191957,6.0,15.0,US
A5047721170,Kara Schechtman,https://api.openalex.org/works?filter=author.id:A5047721170,1.0,1.0,US
A5089801384,Ju Seong Kim,https://api.openalex.org/works?filter=author.id:A5089801384,22.0,43.0,KR
A5056421325,Mercè Crosas,https://api.openalex.org/works?filter=author.id:A5056421325,24.0,111.0,
A5078117465,Yuliia Kazmina,https://api.openalex.org/works?filter=author.id:A5078117465,2.0,8.0,
A5100395652,Xinyi Liu,https://api.openalex.org/works?filter=author.id:A5100395652,34.0,390.0,CN
A5100353357,Chang Liu,https://api.openalex.org/works?filter=author.id:A5100353357,80.0,576.0,CN
A5004497016,Sheila Fisher,https://api.openalex.org/works?filter=author.id:A5004497016,58.0,168.0,US
A5091243468,Ezequiel López‐Rubio,https://api.openalex.org/works?filter=author.id:A5091243468,25.0,220.0,
A5068508539,Chris Callison-Burch,https://api.openalex.org/works?filter=author.id:A5068508539,60.0,375.0,US
A5086827245,Ceren Budak,https://api.openalex.org/works?filter=author.id:A5086827245,22.0,108.0,US
A5090538407,Yerka Freire-Vidal,https://api.openalex.org/works?filter=author.id:A5090538407,2.0,3.0,CL
A5116143840,Bruno Toshio SUGANO,https://api.openalex.org/works?filter=author.id:A5116143840,0.0,2.0,
A5021007726,Christof Weinhardt,https://api.openalex.org/works?filter=author.id:A5021007726,46.0,658.0,DE
A5101468041,Hyoji Choi,https://api.openalex.org/works?filter=author.id:A5101468041,11.0,21.0,KR
A5055160277,Timothy G. Dorr,https://api.openalex.org/works?filter=author.id:A5055160277,3.0,10.0,US
A5100327261,Qinghua Zhang,https://api.openalex.org/works?filter=author.id:A5100327261,129.0,661.0,CN
A5054478253,Alexandra Segerberg,https://api.openalex.org/works?filter=author.id:A5054478253,14.0,38.0,SE
A5089601215,Michael McGreevy,https://api.openalex.org/works?filter=author.id:A5089601215,10.0,30.0,SG
A5066615785,Guido Germano,https://api.openalex.org/works?filter=author.id:A5066615785,86.0,481.0,GB
A5091759851,Ralf H. J. M. Kurvers,https://api.openalex.org/works?filter=author.id:A5091759851,35.0,161.0,DE
A5125057768,Mirza Nayeem Ahmed,https://api.openalex.org/works?filter=author.id:A5125057768,0.0,2.0,
A5004497268,Gili Rusak,https://api.openalex.org/works?filter=author.id:A5004497268,5.0,13.0,US
A5022066530,Akiko Matsuo,https://api.openalex.org/works?filter=author.id:A5022066530,32.0,356.0,JP
A5124811732,Faezeh Fadaei,https://api.openalex.org/works?filter=author.id:A5124811732,0.0,4.0,
A5057067619,Philipp Reineke,https://api.openalex.org/works?filter=author.id:A5057067619,3.0,10.0,US
A5084552686,Maggie Harrington,https://api.openalex.org/works?filter=author.id:A5084552686,3.0,5.0,US
A5072015577,Ashley D. Young,https://api.openalex.org/works?filter=author.id:A5072015577,9.0,11.0,AU
A5066593729,Yuichiro Nakai,https://api.openalex.org/works?filter=author.id:A5066593729,28.0,164.0,CN
A5088930027,Khalid S. Khan,https://api.openalex.org/works?filter=author.id:A5088930027,100.0,1052.0,
A5012128678,Max R. P. Grossmann,https://api.openalex.org/works?filter=author.id:A5012128678,2.0,9.0,DE
A5042234223,Rui Mata,https://api.openalex.org/works?filter=author.id:A5042234223,40.0,179.0,CH
A5100367775,Yan Xia,https://api.openalex.org/works?filter=author.id:A5100367775,43.0,662.0,US
A5082864285,Joan Giner-Miguelez,https://api.openalex.org/works?filter=author.id:A5082864285,4.0,13.0,ES
A5070565287,Wenfei Fan,https://api.openalex.org/works?filter=author.id:A5070565287,58.0,297.0,CN
A5005410329,Kenneth K. Chung,https://api.openalex.org/works?filter=author.id:A5005410329,3.0,4.0,US
A5084059803,Martí Medina-Hernández,https://api.openalex.org/works?filter=author.id:A5084059803,1.0,1.0,DE
A5081392022,David Borukhson,https://api.openalex.org/works?filter=author.id:A5081392022,2.0,6.0,
A5060120779,Qian Huang,https://api.openalex.org/works?filter=author.id:A5060120779,50.0,190.0,US
A5124966893,Erik Wachtmeister,https://api.openalex.org/works?filter=author.id:A5124966893,0.0,1.0,SE
A5002144560,Egor Kotov,https://api.openalex.org/works?filter=author.id:A5002144560,2.0,39.0,ES
A5038971800,William M. Gardner,https://api.openalex.org/works?filter=author.id:A5038971800,36.0,199.0,ES
A5082188402,Xinzhe Li,https://api.openalex.org/works?filter=author.id:A5082188402,41.0,156.0,CN
A5022598524,Saugato Datta,https://api.openalex.org/works?filter=author.id:A5022598524,12.0,50.0,US
A5013385420,Francesco Pierri,https://api.openalex.org/works?filter=author.id:A5013385420,19.0,372.0,IT
A5120281370,Robin Forsberg,https://api.openalex.org/works?filter=author.id:A5120281370,0.0,2.0,
A5054348632,Ákos Huszár,https://api.openalex.org/works?filter=author.id:A5054348632,6.0,35.0,US
A5017402210,F. Perrotta,https://api.openalex.org/works?filter=author.id:A5017402210,109.0,270.0,IT
A5015843011,Reed Orchinik,https://api.openalex.org/works?filter=author.id:A5015843011,4.0,20.0,US
A5005475114,MarYam G. Hamedani,https://api.openalex.org/works?filter=author.id:A5005475114,6.0,19.0,
A5038144794,Raiyan Abdul Baten,https://api.openalex.org/works?filter=author.id:A5038144794,5.0,29.0,US
A5038520407,Tabia Tanzin Prama,https://api.openalex.org/works?filter=author.id:A5038520407,4.0,21.0,US
A5061454360,Anna Sára Ligeti,https://api.openalex.org/works?filter=author.id:A5061454360,3.0,14.0,HU
A5014317276,Dalton Conley,https://api.openalex.org/works?filter=author.id:A5014317276,52.0,318.0,
A5048633988,Nicolas Pröllochs,https://api.openalex.org/works?filter=author.id:A5048633988,22.0,102.0,
A5119402064,Arda Astam,https://api.openalex.org/works?filter=author.id:A5119402064,0.0,1.0,DE
A5117815526,Alisa Kanganis,https://api.openalex.org/works?filter=author.id:A5117815526,0.0,2.0,
A5034182754,A. Chawla,https://api.openalex.org/works?filter=author.id:A5034182754,6.0,16.0,GB
A5093329780,Tim Faverjon,https://api.openalex.org/works?filter=author.id:A5093329780,0.0,5.0,FR
A5013465081,Yian Yin,https://api.openalex.org/works?filter=author.id:A5013465081,13.0,32.0,US
A5050185892,Sarah Bohnensteffen,https://api.openalex.org/works?filter=author.id:A5050185892,0.0,1.0,
A5045760597,Sascha Grehl,https://api.openalex.org/works?filter=author.id:A5045760597,3.0,8.0,DE
A5052449725,Davide Molteni,https://api.openalex.org/works?filter=author.id:A5052449725,6.0,23.0,IT
A5101848967,Oh‐Hyun Kwon,https://api.openalex.org/works?filter=author.id:A5101848967,8.0,31.0,KR
A5002455634,Hirokazu Shirado,https://api.openalex.org/works?filter=author.id:A5002455634,13.0,42.0,US
A5028622827,Martina Contisciani,https://api.openalex.org/works?filter=author.id:A5028622827,7.0,19.0,DE
A5036160733,Sejin Ha,https://api.openalex.org/works?filter=author.id:A5036160733,29.0,117.0,US
A5082133511,Juan Sebastián Olier,https://api.openalex.org/works?filter=author.id:A5082133511,6.0,13.0,NL
A5015694492,Zoltán Kmetty,https://api.openalex.org/works?filter=author.id:A5015694492,12.0,95.0,HU
A5008773289,Jan G. Voelkel,https://api.openalex.org/works?filter=author.id:A5008773289,20.0,76.0,US
A5031702282,Szymon Talaga,https://api.openalex.org/works?filter=author.id:A5031702282,6.0,24.0,PL
A5118397350,Leonard Wendering,https://api.openalex.org/works?filter=author.id:A5118397350,1.0,7.0,
A5072646992,Ryan E. Langendorf,https://api.openalex.org/works?filter=author.id:A5072646992,8.0,25.0,US
A5050286782,Dominik Batorski,https://api.openalex.org/works?filter=author.id:A5050286782,13.0,63.0,PL
A5101462903,Jin H. Seo,https://api.openalex.org/works?filter=author.id:A5101462903,25.0,136.0,KR
A5108696289,Xinyang Wang,https://api.openalex.org/works?filter=author.id:A5108696289,50.0,404.0,CN
A5100331317,Nan Zhang,https://api.openalex.org/works?filter=author.id:A5100331317,78.0,382.0,CN
A5100412989,Ji‐Eun Kim,https://api.openalex.org/works?filter=author.id:A5100412989,50.0,327.0,KR
A5090765519,Anthony Paik,https://api.openalex.org/works?filter=author.id:A5090765519,21.0,71.0,US
A5107856338,Ivan Smirnov,https://api.openalex.org/works?filter=author.id:A5107856338,37.0,85.0,US
A5092998265,Edoardo Loru,https://api.openalex.org/works?filter=author.id:A5092998265,3.0,19.0,
A5044522890,Björn Pelzer,https://api.openalex.org/works?filter=author.id:A5044522890,11.0,34.0,SE
A5038050687,Bojan Evkoski,https://api.openalex.org/works?filter=author.id:A5038050687,3.0,17.0,AT
A5081286391,G. López,https://api.openalex.org/works?filter=author.id:A5081286391,34.0,342.0,ES
A5023536673,Pádraig MacCarron,https://api.openalex.org/works?filter=author.id:A5023536673,13.0,71.0,IE
A5060256587,Claudia Acciai,https://api.openalex.org/works?filter=author.id:A5060256587,5.0,17.0,DK
A5033314506,Daniela A. Braun,https://api.openalex.org/works?filter=author.id:A5033314506,38.0,77.0,DE
A5109996006,M. C. Whiting,https://api.openalex.org/works?filter=author.id:A5109996006,32.0,208.0,US
A5115588111,Mengmeng Wu,https://api.openalex.org/works?filter=author.id:A5115588111,113.0,940.0,US
A5012661788,Joseph W. Chow,https://api.openalex.org/works?filter=author.id:A5012661788,42.0,90.0,US
A5052536455,Mohsen Mosleh,https://api.openalex.org/works?filter=author.id:A5052536455,26.0,125.0,US
A5040234749,Marcelo Ryoma Adachi,https://api.openalex.org/works?filter=author.id:A5040234749,1.0,1.0,BR
A5015651100,Antoine Vendeville,https://api.openalex.org/works?filter=author.id:A5015651100,4.0,21.0,FR
A5054854113,Zexin Ma,https://api.openalex.org/works?filter=author.id:A5054854113,15.0,54.0,
A5050834827,Yoo Jung Oh,https://api.openalex.org/works?filter=author.id:A5050834827,10.0,43.0,US
A5016104509,Rafael Prieto-Curiel,https://api.openalex.org/works?filter=author.id:A5016104509,18.0,87.0,AT
A5092642158,Cassandra Gunasekaram,https://api.openalex.org/works?filter=author.id:A5092642158,2.0,2.0,CH
A5064624426,Sepehr Mousavi,https://api.openalex.org/works?filter=author.id:A5064624426,10.0,19.0,IR
A5028360618,Ayush Kumar,https://api.openalex.org/works?filter=author.id:A5028360618,34.0,158.0,GB
A5087293181,Natalie Schroyens,https://api.openalex.org/works?filter=author.id:A5087293181,9.0,36.0,US
A5041680508,Gianmarco De Francisci Morales,https://api.openalex.org/works?filter=author.id:A5041680508,26.0,175.0,IT
A5102276878,Yulin Dong,https://api.openalex.org/works?filter=author.id:A5102276878,17.0,35.0,CN
A5080530108,Sandro Sousa,https://api.openalex.org/works?filter=author.id:A5080530108,5.0,23.0,
A5120440497,Mathias Angermaier,https://api.openalex.org/works?filter=author.id:A5120440497,0.0,2.0,
A5037727403,Siming Huang,https://api.openalex.org/works?filter=author.id:A5037727403,38.0,115.0,US
A5084730447,Valentin Thouzeau,https://api.openalex.org/works?filter=author.id:A5084730447,7.0,37.0,
A5034468528,Massimiliano Di Luca,https://api.openalex.org/works?filter=author.id:A5034468528,28.0,168.0,GB
A5000025221,Nikolas Zöller,https://api.openalex.org/works?filter=author.id:A5000025221,4.0,10.0,DE
A5116269664,Enrico Verdolotti,https://api.openalex.org/works?filter=author.id:A5116269664,1.0,2.0,CH
A5036472423,Ljubica Nedelkoska,https://api.openalex.org/works?filter=author.id:A5036472423,8.0,27.0,
A5057130762,Diego Giuliani,https://api.openalex.org/works?filter=author.id:A5057130762,25.0,186.0,IT
A5047128300,Victor Shia,https://api.openalex.org/works?filter=author.id:A5047128300,14.0,36.0,US
A5121671024,Dylan Thurgood,https://api.openalex.org/works?filter=author.id:A5121671024,0.0,2.0,
A5026595284,Xiaoyuan Yi,https://api.openalex.org/works?filter=author.id:A5026595284,4.0,14.0,CN
A5048242428,Coralie Chevallier,https://api.openalex.org/works?filter=author.id:A5048242428,39.0,385.0,FR
A5103473790,Mario J. Molina,https://api.openalex.org/works?filter=author.id:A5103473790,82.0,368.0,US
A5086653394,Daniel M. Abrams,https://api.openalex.org/works?filter=author.id:A5086653394,23.0,114.0,US
A5001774343,Radhika Krishnan,https://api.openalex.org/works?filter=author.id:A5001774343,20.0,63.0,IN
A5083526294,Phelia Weiß,https://api.openalex.org/works?filter=author.id:A5083526294,3.0,4.0,AT
A5042045761,Ruiyao Liu,https://api.openalex.org/works?filter=author.id:A5042045761,11.0,38.0,CN
A5019943830,Yutong Jiang,https://api.openalex.org/works?filter=author.id:A5019943830,24.0,162.0,CN
A5010871179,S. Horn,https://api.openalex.org/works?filter=author.id:A5010871179,42.0,293.0,US
A5059905480,Liqun Yang,https://api.openalex.org/works?filter=author.id:A5059905480,34.0,304.0,GB
A5001365039,Jonas Fegert,https://api.openalex.org/works?filter=author.id:A5001365039,5.0,35.0,DE
A5032218282,Hélène Bouvaist,https://api.openalex.org/works?filter=author.id:A5032218282,35.0,193.0,FR
A5008439962,Stefan M. Herzog,https://api.openalex.org/works?filter=author.id:A5008439962,29.0,139.0,
A5054574752,Kai‐Cheng Yang,https://api.openalex.org/works?filter=author.id:A5054574752,18.0,141.0,CN
A5040957572,Sebastian Stier,https://api.openalex.org/works?filter=author.id:A5040957572,27.0,118.0,
A5051687457,Hiromu Yakura,https://api.openalex.org/works?filter=author.id:A5051687457,14.0,46.0,DE
A5093939343,Yan Asadchy,https://api.openalex.org/works?filter=author.id:A5093939343,2.0,3.0,
A5088136048,T. Ruiz-Lara,https://api.openalex.org/works?filter=author.id:A5088136048,33.0,123.0,ES
A5034315722,Timo Damm,https://api.openalex.org/works?filter=author.id:A5034315722,13.0,57.0,DE
A5078338477,Nima Dehmamy,https://api.openalex.org/works?filter=author.id:A5078338477,10.0,46.0,US
A5028211892,Victoria Di Césare,https://api.openalex.org/works?filter=author.id:A5028211892,1.0,12.0,AR
A5011112366,Adiba Mahbub Proma,https://api.openalex.org/works?filter=author.id:A5011112366,2.0,12.0,
A5034443870,Katie Sweet,https://api.openalex.org/works?filter=author.id:A5034443870,22.0,29.0,GB
A5031514121,Almog Simchon,https://api.openalex.org/works?filter=author.id:A5031514121,10.0,51.0,IL
A5084087666,Wanting Wang,https://api.openalex.org/works?filter=author.id:A5084087666,22.0,152.0,CN
A5058989081,Joshua P. White,https://api.openalex.org/works?filter=author.id:A5058989081,13.0,46.0,
A5032880777,Michaël Maes,https://api.openalex.org/works?filter=author.id:A5032880777,141.0,1385.0,US
A5029414400,Yuanyi Zhen,https://api.openalex.org/works?filter=author.id:A5029414400,4.0,7.0,CN
A5006771869,José Agustín Orozco-Castillo,https://api.openalex.org/works?filter=author.id:A5006771869,2.0,2.0,MX
A5093047656,Vishal Kalakonnavar,https://api.openalex.org/works?filter=author.id:A5093047656,1.0,2.0,US
A5079983445,Xixuan Zhang,https://api.openalex.org/works?filter=author.id:A5079983445,4.0,10.0,DE
A5103324245,Yufan Guo,https://api.openalex.org/works?filter=author.id:A5103324245,26.0,127.0,CN
A5067134501,Subhayan Mukerjee,https://api.openalex.org/works?filter=author.id:A5067134501,9.0,34.0,SG
A5091022089,Quan Dong Nguyen,https://api.openalex.org/works?filter=author.id:A5091022089,67.0,760.0,US
A5019216175,Xiaoxing Fu,https://api.openalex.org/works?filter=author.id:A5019216175,10.0,21.0,CN
A5074307166,Brendan O’Connor,https://api.openalex.org/works?filter=author.id:A5074307166,37.0,138.0,
A5081445152,Giuliano Cornacchia,https://api.openalex.org/works?filter=author.id:A5081445152,5.0,24.0,IT
A5055381395,Eddie Belter,https://api.openalex.org/works?filter=author.id:A5055381395,3.0,3.0,
A5049587610,Celina Kacperski,https://api.openalex.org/works?filter=author.id:A5049587610,10.0,64.0,DE
A5047024225,René Algesheimer,https://api.openalex.org/works?filter=author.id:A5047024225,22.0,104.0,CH
A5002816287,Mario Castro,https://api.openalex.org/works?filter=author.id:A5002816287,33.0,177.0,US
A5033771984,Joshua Conrad Jackson,https://api.openalex.org/works?filter=author.id:A5033771984,31.0,142.0,US
A5020654056,Hendrik Erz,https://api.openalex.org/works?filter=author.id:A5020654056,2.0,40.0,
A5050678130,M. Belal Hossain,https://api.openalex.org/works?filter=author.id:A5050678130,47.0,497.0,
A5018392096,Matteo Magnani,https://api.openalex.org/works?filter=author.id:A5018392096,28.0,194.0,SE
A5066749809,Paolo Turrini,https://api.openalex.org/works?filter=author.id:A5066749809,13.0,21.0,IT
A5100380043,Jiayu Chen,https://api.openalex.org/works?filter=author.id:A5100380043,32.0,217.0,CN
A5011484967,Karen van Hedel,https://api.openalex.org/works?filter=author.id:A5011484967,7.0,16.0,
A5089975070,Katarzyna Sznajd-Weron,https://api.openalex.org/works?filter=author.id:A5089975070,24.0,116.0,PL
A5030206116,Charlotte Ren,https://api.openalex.org/works?filter=author.id:A5030206116,8.0,33.0,US
A5069952976,Moritz Laber,https://api.openalex.org/works?filter=author.id:A5069952976,1.0,4.0,US
A5022747234,Chaoqun Ni,https://api.openalex.org/works?filter=author.id:A5022747234,19.0,86.0,CN
A5051485884,Christof Nagel,https://api.openalex.org/works?filter=author.id:A5051485884,11.0,69.0,DE
A5031499875,Andrea Civilini,https://api.openalex.org/works?filter=author.id:A5031499875,4.0,14.0,IT
A5018986925,Alexandre Bovet,https://api.openalex.org/works?filter=author.id:A5018986925,15.0,84.0,
A5023025001,Roberto Cantillan Carrasco,https://api.openalex.org/works?filter=author.id:A5023025001,0.0,1.0,CL
A5065168968,Hamza Samouh,https://api.openalex.org/works?filter=author.id:A5065168968,12.0,28.0,US
A5037009852,Yang Zou,https://api.openalex.org/works?filter=author.id:A5037009852,40.0,111.0,CN
A5022414084,Tiago P. Peixoto,https://api.openalex.org/works?filter=author.id:A5022414084,26.0,82.0,AT
A5002382294,Lluís Danús,https://api.openalex.org/works?filter=author.id:A5002382294,3.0,5.0,ES
A5011769443,Román Scoccimarro,https://api.openalex.org/works?filter=author.id:A5011769443,69.0,133.0,US
A5078049762,Shouji Fujimoto,https://api.openalex.org/works?filter=author.id:A5078049762,10.0,61.0,JP
A5025218537,Vittoria Colizza,https://api.openalex.org/works?filter=author.id:A5025218537,60.0,274.0,FR
A5071261828,James Evans,https://api.openalex.org/works?filter=author.id:A5071261828,59.0,765.0,US
A5079929906,Giangiacomo Bravo,https://api.openalex.org/works?filter=author.id:A5079929906,25.0,158.0,SE
A5102845677,Kenji Yokotani,https://api.openalex.org/works?filter=author.id:A5102845677,6.0,30.0,
A5015908653,Tomás Arias‐Vergara,https://api.openalex.org/works?filter=author.id:A5015908653,17.0,108.0,DE
A5046983868,Abhisek Dash,https://api.openalex.org/works?filter=author.id:A5046983868,5.0,39.0,
A5125117528,Myokyung Han,https://api.openalex.org/works?filter=author.id:A5125117528,0.0,1.0,KR
A5032184603,Vaidehi Raipat,https://api.openalex.org/works?filter=author.id:A5032184603,1.0,5.0,
A5002429891,Anmol Arora,https://api.openalex.org/works?filter=author.id:A5002429891,24.0,203.0,IN
A5115926396,Seura Ha,https://api.openalex.org/works?filter=author.id:A5115926396,0.0,1.0,
A5055111984,Vito Trianni,https://api.openalex.org/works?filter=author.id:A5055111984,41.0,161.0,IT
A5079517520,Petter Holme,https://api.openalex.org/works?filter=author.id:A5079517520,51.0,252.0,JP
A5012197691,Susumu Nagayama,https://api.openalex.org/works?filter=author.id:A5012197691,5.0,5.0,JP
A5108538229,Hong-Yuan Mark Liao,https://api.openalex.org/works?filter=author.id:A5108538229,35.0,195.0,TW
A5067688305,Krishna P. Gummadi,https://api.openalex.org/works?filter=author.id:A5067688305,69.0,291.0,DE
A5035108883,Maximilian Bergmann,https://api.openalex.org/works?filter=author.id:A5035108883,4.0,15.0,CH
A5052947335,Kateryna Kasianenko,https://api.openalex.org/works?filter=author.id:A5052947335,3.0,10.0,AU
A5087257186,Yifang Ma,https://api.openalex.org/works?filter=author.id:A5087257186,17.0,95.0,CN
A5115780938,Ahmet Furkan Un,https://api.openalex.org/works?filter=author.id:A5115780938,0.0,2.0,ES
A5060975667,Paul Ginsparg,https://api.openalex.org/works?filter=author.id:A5060975667,35.0,98.0,
A5095699509,Mingmeng Geng,https://api.openalex.org/works?filter=author.id:A5095699509,1.0,6.0,
A5029862125,Simone Lackner,https://api.openalex.org/works?filter=author.id:A5029862125,4.0,10.0,
A5052689841,Erzsébet Horváth–Puhó,https://api.openalex.org/works?filter=author.id:A5052689841,50.0,296.0,DK
A5010495671,Nicholas A. Christakis,https://api.openalex.org/works?filter=author.id:A5010495671,98.0,407.0,US
A5075756309,Takahiro Yabe,https://api.openalex.org/works?filter=author.id:A5075756309,21.0,93.0,US
A5001360941,Manuel Sebastian Mariani,https://api.openalex.org/works?filter=author.id:A5001360941,14.0,65.0,CH
A5013688285,Federico Musciotto,https://api.openalex.org/works?filter=author.id:A5013688285,12.0,44.0,
A5018209878,Béatrice Mazoyer,https://api.openalex.org/works?filter=author.id:A5018209878,4.0,24.0,FR
A5034880843,Laura Kurek,https://api.openalex.org/works?filter=author.id:A5034880843,2.0,4.0,
A5047301239,Alessandro Galeazzi,https://api.openalex.org/works?filter=author.id:A5047301239,13.0,52.0,IT
A5017596078,Lydia T. Liu,https://api.openalex.org/works?filter=author.id:A5017596078,7.0,29.0,US
A5041097650,Carsten Schwemmer,https://api.openalex.org/works?filter=author.id:A5041097650,15.0,657.0,DE
A5023817571,Björn Roß,https://api.openalex.org/works?filter=author.id:A5023817571,20.0,79.0,GB
A5029115979,David A. Ehrlich,https://api.openalex.org/works?filter=author.id:A5029115979,7.0,19.0,DE
A5100673667,Shi‐Gang Sun,https://api.openalex.org/works?filter=author.id:A5100673667,115.0,1013.0,CN
A5016589479,Luca Rossi,https://api.openalex.org/works?filter=author.id:A5016589479,29.0,238.0,IT
A5109295857,M. d’Errico,https://api.openalex.org/works?filter=author.id:A5109295857,6.0,9.0,IT
A5058939619,Alvin Zhou,https://api.openalex.org/works?filter=author.id:A5058939619,18.0,66.0,US
A5003870894,Sebastian Padó,https://api.openalex.org/works?filter=author.id:A5003870894,35.0,220.0,
A5061970875,Sam Zhang,https://api.openalex.org/works?filter=author.id:A5061970875,70.0,669.0,CN
A5080731595,Tina Eliassi‐Rad,https://api.openalex.org/works?filter=author.id:A5080731595,37.0,216.0,US
A5040217228,Fujio Toriumi,https://api.openalex.org/works?filter=author.id:A5040217228,18.0,243.0,JP
A5074372343,Nobuhito Abe,https://api.openalex.org/works?filter=author.id:A5074372343,28.0,159.0,JP
A5107948971,D. Paredes Hernandez,https://api.openalex.org/works?filter=author.id:A5107948971,86.0,337.0,MX
A5084918963,Елизавета Сивак,https://api.openalex.org/works?filter=author.id:A5084918963,10.0,52.0,
A5095737580,Timon K. Drewes,https://api.openalex.org/works?filter=author.id:A5095737580,1.0,1.0,DE
A5115449729,Zhaolun Fan,https://api.openalex.org/works?filter=author.id:A5115449729,1.0,4.0,
A5012632282,Elyse J. Thulin,https://api.openalex.org/works?filter=author.id:A5012632282,10.0,40.0,US
A5074354806,Ádám Stefkovics,https://api.openalex.org/works?filter=author.id:A5074354806,7.0,46.0,US
A5111341494,Julia De Miguel Velázquez,https://api.openalex.org/works?filter=author.id:A5111341494,1.0,3.0,GB
A5063911718,Moira Tait,https://api.openalex.org/works?filter=author.id:A5063911718,5.0,8.0,GB
A5075046668,Iris Damião,https://api.openalex.org/works?filter=author.id:A5075046668,1.0,1.0,PT
A5093104412,Maria Teleki,https://api.openalex.org/works?filter=author.id:A5093104412,2.0,11.0,
A5075790566,Erin Walk,https://api.openalex.org/works?filter=author.id:A5075790566,3.0,10.0,US
A5067988005,Alexander Birbrair,https://api.openalex.org/works?filter=author.id:A5067988005,41.0,215.0,US
A5061205312,Isabel Gebhardt,https://api.openalex.org/works?filter=author.id:A5061205312,1.0,4.0,
A5057695979,Michalis Vazirgiannis,https://api.openalex.org/works?filter=author.id:A5057695979,46.0,362.0,FR
A5070497645,Lisa P. Argyle,https://api.openalex.org/works?filter=author.id:A5070497645,12.0,38.0,
A5069791094,Milena Tsvetkova,https://api.openalex.org/works?filter=author.id:A5069791094,12.0,76.0,GB
A5038775913,Paolo Cornale,https://api.openalex.org/works?filter=author.id:A5038775913,14.0,76.0,IT
A5009232244,Iyad Rahwan,https://api.openalex.org/works?filter=author.id:A5009232244,49.0,335.0,DE
A5102873173,Johanna Björklund,https://api.openalex.org/works?filter=author.id:A5102873173,15.0,43.0,SE
A5068268204,Gregor Wiedemann,https://api.openalex.org/works?filter=author.id:A5068268204,14.0,97.0,DE
A5076189854,Michael S. Bernstein,https://api.openalex.org/works?filter=author.id:A5076189854,66.0,281.0,US
A5028273524,Jiazhao Wang,https://api.openalex.org/works?filter=author.id:A5028273524,90.0,368.0,CN
A5092994693,Maximilian Pickartz,https://api.openalex.org/works?filter=author.id:A5092994693,0.0,1.0,
A5010084651,Rosa M. Navarrete,https://api.openalex.org/works?filter=author.id:A5010084651,7.0,21.0,US
A5026281078,Mingchuan Yu,https://api.openalex.org/works?filter=author.id:A5026281078,20.0,62.0,CN
A5019800917,Mahnaz Roshanaei,https://api.openalex.org/works?filter=author.id:A5019800917,8.0,17.0,US
A5062199735,Lavinia Dunagan,https://api.openalex.org/works?filter=author.id:A5062199735,3.0,10.0,US
A5034089559,Neha Gondal,https://api.openalex.org/works?filter=author.id:A5034089559,11.0,24.0,US
A5056889098,Saru Kumari,https://api.openalex.org/works?filter=author.id:A5056889098,68.0,404.0,IN
A5077125314,John J. Horton,https://api.openalex.org/works?filter=author.id:A5077125314,26.0,107.0,US
A5049216179,Rachel Goldberg,https://api.openalex.org/works?filter=author.id:A5049216179,16.0,35.0,US
A5109975415,Kathryn Adamson,https://api.openalex.org/works?filter=author.id:A5109975415,13.0,40.0,
A5006793496,Dirk U. Wulff,https://api.openalex.org/works?filter=author.id:A5006793496,23.0,125.0,CH
A5113328275,A.R. Thakur,https://api.openalex.org/works?filter=author.id:A5113328275,9.0,22.0,IN
A5086259064,Blas Kolic,https://api.openalex.org/works?filter=author.id:A5086259064,2.0,7.0,ES
A5050750056,Thomas Chesney,https://api.openalex.org/works?filter=author.id:A5050750056,17.0,109.0,
A5119408634,Emese Bata,https://api.openalex.org/works?filter=author.id:A5119408634,0.0,2.0,HU
A5079294298,Émilien Schultz,https://api.openalex.org/works?filter=author.id:A5079294298,11.0,114.0,FR
A5072261415,Petra Kralj Novak,https://api.openalex.org/works?filter=author.id:A5072261415,20.0,96.0,AT
A5063837575,Przemyslaw A. Grabowicz,https://api.openalex.org/works?filter=author.id:A5063837575,14.0,57.0,IE
A5056886170,Elias Fernández Domingos,https://api.openalex.org/works?filter=author.id:A5056886170,7.0,31.0,BE
A5055990297,Andreas Flache,https://api.openalex.org/works?filter=author.id:A5055990297,41.0,235.0,NL
A5109289580,Björn Lindström,https://api.openalex.org/works?filter=author.id:A5109289580,36.0,189.0,SE
A5113100067,Marten Appel,https://api.openalex.org/works?filter=author.id:A5113100067,1.0,1.0,DK
A5073270600,In Seok Yang,https://api.openalex.org/works?filter=author.id:A5073270600,15.0,34.0,
A5110786764,Bangzhao Shu,https://api.openalex.org/works?filter=author.id:A5110786764,1.0,7.0,
A5075116664,Juhi Kulshrestha,https://api.openalex.org/works?filter=author.id:A5075116664,16.0,56.0,FI
A5032381602,Gabriella M. Harari,https://api.openalex.org/works?filter=author.id:A5032381602,31.0,105.0,US
A5090589044,Nick Haslam,https://api.openalex.org/works?filter=author.id:A5090589044,83.0,513.0,US
A5046448314,Maosong Sun,https://api.openalex.org/works?filter=author.id:A5046448314,84.0,829.0,CN
A5120897861,Christopher Michael Dobmeier,https://api.openalex.org/works?filter=author.id:A5120897861,0.0,1.0,
A5108276415,H. K. Mao,https://api.openalex.org/works?filter=author.id:A5108276415,7.0,61.0,CN
A5119950542,Maximilian Kreutner,https://api.openalex.org/works?filter=author.id:A5119950542,0.0,1.0,
A5046036512,Kazutoshi Sasahara,https://api.openalex.org/works?filter=author.id:A5046036512,16.0,138.0,
A5064296964,Abdullah Almaatouq,https://api.openalex.org/works?filter=author.id:A5064296964,17.0,101.0,
A5029718403,Hywel T. P. Williams,https://api.openalex.org/works?filter=author.id:A5029718403,29.0,111.0,GB
A5029971817,Korhan Özkan,https://api.openalex.org/works?filter=author.id:A5029971817,19.0,175.0,TR
A5007114681,Fabrizio Germano,https://api.openalex.org/works?filter=author.id:A5007114681,12.0,63.0,ES
A5065423139,Lav R. Varshney,https://api.openalex.org/works?filter=author.id:A5065423139,33.0,447.0,US
A5004333240,Tahmineh Godazgar,https://api.openalex.org/works?filter=author.id:A5004333240,1.0,1.0,IR
A5053716315,Vicenç Gómez,https://api.openalex.org/works?filter=author.id:A5053716315,21.0,118.0,ES
A5055686105,Kinga Makovi,https://api.openalex.org/works?filter=author.id:A5055686105,11.0,39.0,
A5040642674,Sekar Kathiresan,https://api.openalex.org/works?filter=author.id:A5040642674,77.0,223.0,US
A5033716467,Edmond Awad,https://api.openalex.org/works?filter=author.id:A5033716467,17.0,74.0,GB
A5119148931,Kata Számel,https://api.openalex.org/works?filter=author.id:A5119148931,0.0,2.0,HU
A5029626997,Javier Andreu-Pérez,https://api.openalex.org/works?filter=author.id:A5029626997,22.0,120.0,GB
A5021346979,Filippo Menczer,https://api.openalex.org/works?filter=author.id:A5021346979,69.0,660.0,US
A5090160801,Hendrik Nunner,https://api.openalex.org/works?filter=author.id:A5090160801,6.0,24.0,NL
A5031351421,Anna Thoma,https://api.openalex.org/works?filter=author.id:A5031351421,1.0,1.0,
A5072882377,Maged Mortaga,https://api.openalex.org/works?filter=author.id:A5072882377,1.0,1.0,DE
A5027417114,Andrew Piper,https://api.openalex.org/works?filter=author.id:A5027417114,14.0,176.0,CA
A5077722217,Yuqi Chang,https://api.openalex.org/works?filter=author.id:A5077722217,4.0,9.0,
A5044851119,Brahmani Nutakki,https://api.openalex.org/works?filter=author.id:A5044851119,3.0,6.0,DE
A5071165387,Mirta Galešić,https://api.openalex.org/works?filter=author.id:A5071165387,47.0,196.0,US
A5030588092,Katrin Weller,https://api.openalex.org/works?filter=author.id:A5030588092,21.0,117.0,
A5081149419,Raffaele Vacca,https://api.openalex.org/works?filter=author.id:A5081149419,16.0,50.0,IT
A5090318645,Duilio Balsamo,https://api.openalex.org/works?filter=author.id:A5090318645,4.0,10.0,IT
A5016044914,I. Ravasenga,https://api.openalex.org/works?filter=author.id:A5016044914,51.0,347.0,NL
A5083550860,Vera Sosnovik,https://api.openalex.org/works?filter=author.id:A5083550860,2.0,7.0,
A5016557745,Myra Miranda Bom,https://api.openalex.org/works?filter=author.id:A5016557745,1.0,21.0,
A5058457102,Ayan-Yue Gupta,https://api.openalex.org/works?filter=author.id:A5058457102,2.0,22.0,GB
A5018089491,Ana Vranić,https://api.openalex.org/works?filter=author.id:A5018089491,3.0,15.0,PT
A5028476678,Samuel Pearson,https://api.openalex.org/works?filter=author.id:A5028476678,16.0,48.0,DE
A5033663242,Carl Nordlund,https://api.openalex.org/works?filter=author.id:A5033663242,6.0,24.0,SE
A5109819792,Annabella Sakunkoo,https://api.openalex.org/works?filter=author.id:A5109819792,0.0,5.0,US
A5052819678,L. Li,https://api.openalex.org/works?filter=author.id:A5052819678,184.0,3384.0,CN
A5016944327,Сауле Бекова,https://api.openalex.org/works?filter=author.id:A5016944327,9.0,33.0,AU
A5011855937,Derek Holliday,https://api.openalex.org/works?filter=author.id:A5011855937,6.0,14.0,US
A5063441605,Muhua Huang,https://api.openalex.org/works?filter=author.id:A5063441605,15.0,45.0,CN
A5091389844,Gioele Barabucci,https://api.openalex.org/works?filter=author.id:A5091389844,7.0,42.0,
A5052854928,Michael Quayle,https://api.openalex.org/works?filter=author.id:A5052854928,27.0,155.0,IE
A5100360502,Junghwan Kim,https://api.openalex.org/works?filter=author.id:A5100360502,44.0,182.0,KR
A5070806741,Bruno Gabriel Salvador Casara,https://api.openalex.org/works?filter=author.id:A5070806741,11.0,38.0,AE
A5034735453,Ramona Schoedel,https://api.openalex.org/works?filter=author.id:A5034735453,14.0,81.0,DE
A5086659454,Chloe Eggleston,https://api.openalex.org/works?filter=author.id:A5086659454,0.0,2.0,US
A5037093270,Qiankun Zhong,https://api.openalex.org/works?filter=author.id:A5037093270,6.0,26.0,
A5087676774,Magy Seif El‐Nasr,https://api.openalex.org/works?filter=author.id:A5087676774,32.0,269.0,US
A5006651432,Hilke Schellmann,https://api.openalex.org/works?filter=author.id:A5006651432,3.0,5.0,
A5100786499,Deepak Sharma,https://api.openalex.org/works?filter=author.id:A5100786499,35.0,443.0,IN
A5049051580,Yaoyu Zhou,https://api.openalex.org/works?filter=author.id:A5049051580,107.0,352.0,CN
A5049591562,Lucio Vinicius,https://api.openalex.org/works?filter=author.id:A5049591562,24.0,75.0,
A5000581052,Kajsa Hansson,https://api.openalex.org/works?filter=author.id:A5000581052,2.0,12.0,SE
A5054707908,David Rothschild,https://api.openalex.org/works?filter=author.id:A5054707908,30.0,237.0,US
A5027079032,Daniel B. Larremore,https://api.openalex.org/works?filter=author.id:A5027079032,33.0,124.0,US
A5033712412,Hannah Waight,https://api.openalex.org/works?filter=author.id:A5033712412,1.0,4.0,US
A5040802478,Shane Mannion,https://api.openalex.org/works?filter=author.id:A5040802478,3.0,9.0,IE
A5049662407,Tristan J. B. Cann,https://api.openalex.org/works?filter=author.id:A5049662407,4.0,10.0,GB
A5090577017,Dustin E. Wright,https://api.openalex.org/works?filter=author.id:A5090577017,9.0,25.0,
A5022068732,Gian Pietro Picco,https://api.openalex.org/works?filter=author.id:A5022068732,49.0,243.0,IT
A5077179813,Libby Hemphill,https://api.openalex.org/works?filter=author.id:A5077179813,23.0,141.0,US
A5109210308,Wilbur A. Franklin,https://api.openalex.org/works?filter=author.id:A5109210308,92.0,637.0,
A5084189967,Prashant Garg,https://api.openalex.org/works?filter=author.id:A5084189967,53.0,273.0,IN
A5000454719,Tiago Oliveira Cunha,https://api.openalex.org/works?filter=author.id:A5000454719,5.0,16.0,DK
A5019136836,Max Pellert,https://api.openalex.org/works?filter=author.id:A5019136836,11.0,27.0,ES
A5091604689,Ji Sung Yoon,https://api.openalex.org/works?filter=author.id:A5091604689,22.0,117.0,KR
A5040856457,Gregory E. Crawford,https://api.openalex.org/works?filter=author.id:A5040856457,90.0,288.0,US
A5004566032,Emőke-Ágnes Horvát,https://api.openalex.org/works?filter=author.id:A5004566032,15.0,72.0,US
A5064876416,Raluca Bievel Radulescu,https://api.openalex.org/works?filter=author.id:A5064876416,8.0,18.0,RO
A5077079991,Friedolin Merhout,https://api.openalex.org/works?filter=author.id:A5077079991,9.0,21.0,DK
A5049825776,Sander van Cranenburgh,https://api.openalex.org/works?filter=author.id:A5049825776,19.0,112.0,NL
A5000975021,Raphael Richter,https://api.openalex.org/works?filter=author.id:A5000975021,5.0,14.0,DE
A5101701156,Zengshan Li,https://api.openalex.org/works?filter=author.id:A5101701156,29.0,162.0,CN
A5011996396,Johannes Müller‐Trede,https://api.openalex.org/works?filter=author.id:A5011996396,10.0,26.0,FR
A5009398155,Bowen Yi,https://api.openalex.org/works?filter=author.id:A5009398155,29.0,80.0,CN
A5091548378,Masaki Chujyo,https://api.openalex.org/works?filter=author.id:A5091548378,3.0,12.0,JP
A5043220498,Binglu Wang,https://api.openalex.org/works?filter=author.id:A5043220498,20.0,100.0,CN
A5095765187,Sergio E. Zanotto,https://api.openalex.org/works?filter=author.id:A5095765187,1.0,4.0,
A5025934990,Xingzhi Song,https://api.openalex.org/works?filter=author.id:A5025934990,55.0,380.0,US
A5101895104,Weicheng Ma,https://api.openalex.org/works?filter=author.id:A5101895104,8.0,46.0,CN
A5049293054,Jian‐Kang Zhu,https://api.openalex.org/works?filter=author.id:A5049293054,190.0,739.0,US
A5007105250,Desheng Hu,https://api.openalex.org/works?filter=author.id:A5007105250,33.0,164.0,CN
A5052788698,Alessia Galdeman,https://api.openalex.org/works?filter=author.id:A5052788698,5.0,15.0,IT
A5042273817,Matteo Devigili,https://api.openalex.org/works?filter=author.id:A5042273817,3.0,15.0,
A5056041083,Ozgur Can Seckin,https://api.openalex.org/works?filter=author.id:A5056041083,3.0,10.0,US
A5100371274,Sheng Wang,https://api.openalex.org/works?filter=author.id:A5100371274,67.0,429.0,CN
A5001994692,Esin Durmus,https://api.openalex.org/works?filter=author.id:A5001994692,19.0,51.0,
A5068009402,Federico Delussu,https://api.openalex.org/works?filter=author.id:A5068009402,4.0,5.0,IT
A5050820065,Izabel Pirimai Aguiar,https://api.openalex.org/works?filter=author.id:A5050820065,1.0,1.0,
A5068819495,Luca Pappalardo,https://api.openalex.org/works?filter=author.id:A5068819495,33.0,177.0,IT
A5063456893,Florian Kunneman,https://api.openalex.org/works?filter=author.id:A5063456893,11.0,71.0,US
A5036476234,Sheng Ma,https://api.openalex.org/works?filter=author.id:A5036476234,23.0,72.0,CN
A5014918148,Jesús Cerquides,https://api.openalex.org/works?filter=author.id:A5014918148,24.0,193.0,ES
A5073016286,Pallab Bhattacharya,https://api.openalex.org/works?filter=author.id:A5073016286,35.0,162.0,IN
A5096942815,Lorenzo Amir Nemati Fard,https://api.openalex.org/works?filter=author.id:A5096942815,2.0,4.0,
A5111667138,Laura E. Nelson,https://api.openalex.org/works?filter=author.id:A5111667138,12.0,21.0,US
A5061914240,Inga Schwabe,https://api.openalex.org/works?filter=author.id:A5061914240,11.0,40.0,
A5055063198,R. Muralidharan,https://api.openalex.org/works?filter=author.id:A5055063198,7.0,26.0,US
A5027282576,Michael Howes,https://api.openalex.org/works?filter=author.id:A5027282576,32.0,259.0,AU
A5007296816,Michael A. Borger,https://api.openalex.org/works?filter=author.id:A5007296816,114.0,1208.0,DE
A5032478403,Robert Jankowski,https://api.openalex.org/works?filter=author.id:A5032478403,44.0,284.0,ES
A5003213649,Talayeh Aledavood,https://api.openalex.org/works?filter=author.id:A5003213649,16.0,62.0,FI
A5090394090,Jonathan Mummolo,https://api.openalex.org/works?filter=author.id:A5090394090,20.0,195.0,US
A5052543412,Thomas Robiglio,https://api.openalex.org/works?filter=author.id:A5052543412,3.0,6.0,AT
A5012236452,Andrew Renninger,https://api.openalex.org/works?filter=author.id:A5012236452,3.0,20.0,GB
A5028493599,Thomas Müller,https://api.openalex.org/works?filter=author.id:A5028493599,8.0,49.0,FR
A5102733391,Christopher J L Murray,https://api.openalex.org/works?filter=author.id:A5102733391,256.0,1004.0,US
A5043908500,Cuihua Shen,https://api.openalex.org/works?filter=author.id:A5043908500,31.0,94.0,US
A5010098341,Alexander W. Hartland,https://api.openalex.org/works?filter=author.id:A5010098341,5.0,12.0,GB
A5022660208,Maria Brandén,https://api.openalex.org/works?filter=author.id:A5022660208,20.0,63.0,SE
A5100696151,Zining Wang,https://api.openalex.org/works?filter=author.id:A5100696151,23.0,75.0,CN
A5043862313,Yulin Deng,https://api.openalex.org/works?filter=author.id:A5043862313,76.0,338.0,CN
A5106657157,David Broska,https://api.openalex.org/works?filter=author.id:A5106657157,2.0,5.0,US
A5037231816,Måns Magnusson,https://api.openalex.org/works?filter=author.id:A5037231816,10.0,23.0,SE
A5093454296,Collin Coil,https://api.openalex.org/works?filter=author.id:A5093454296,2.0,13.0,US
A5101976280,Minjin Lee,https://api.openalex.org/works?filter=author.id:A5101976280,9.0,26.0,KR
A5017332030,Alina Herderich,https://api.openalex.org/works?filter=author.id:A5017332030,4.0,20.0,AT
A5066342421,L. Merten,https://api.openalex.org/works?filter=author.id:A5066342421,19.0,86.0,
A5036743779,Filippo Trentini,https://api.openalex.org/works?filter=author.id:A5036743779,28.0,88.0,US
A5039304227,Eunsung Yoon,https://api.openalex.org/works?filter=author.id:A5039304227,2.0,4.0,
A5079124227,Yingwen Wang,https://api.openalex.org/works?filter=author.id:A5079124227,22.0,99.0,TW
A5039792659,JF Bonnefon,https://api.openalex.org/works?filter=author.id:A5039792659,0.0,1.0,
A5029805143,Leo Ferres,https://api.openalex.org/works?filter=author.id:A5029805143,17.0,92.0,CL
A5116428565,Maël Lecoursonnais,https://api.openalex.org/works?filter=author.id:A5116428565,0.0,2.0,SE
A5069318507,Nicolas Baumard,https://api.openalex.org/works?filter=author.id:A5069318507,31.0,206.0,FR
A5051638201,Hitoshi Iwahashi,https://api.openalex.org/works?filter=author.id:A5051638201,56.0,331.0,JP
A5029095817,Marcel H. Schubert,https://api.openalex.org/works?filter=author.id:A5029095817,1.0,1.0,DE
A5024066633,Annett Heft,https://api.openalex.org/works?filter=author.id:A5024066633,16.0,61.0,DE
A5081429241,Jake M. Hofman,https://api.openalex.org/works?filter=author.id:A5081429241,29.0,80.0,US
A5103005408,Jae-Hyuk Park,https://api.openalex.org/works?filter=author.id:A5103005408,28.0,121.0,GB
A5082395980,Elizaveta Kopacheva,https://api.openalex.org/works?filter=author.id:A5082395980,4.0,8.0,SE
A5084941645,Youngjung Geum,https://api.openalex.org/works?filter=author.id:A5084941645,28.0,88.0,KR
A5116257168,Emanuela Vaghi,https://api.openalex.org/works?filter=author.id:A5116257168,0.0,1.0,IT
A5020076556,Hazel Rose Markus,https://api.openalex.org/works?filter=author.id:A5020076556,102.0,324.0,US
A5059840085,Morten Mørup,https://api.openalex.org/works?filter=author.id:A5059840085,31.0,210.0,US
A5065830601,Joel Mire,https://api.openalex.org/works?filter=author.id:A5065830601,2.0,6.0,
A5031247002,Eitan Friedman,https://api.openalex.org/works?filter=author.id:A5031247002,89.0,746.0,IL
A5106184792,Mohammed Ehsan Hoque,https://api.openalex.org/works?filter=author.id:A5106184792,21.0,66.0,
A5001887300,Mateusz Nurek,https://api.openalex.org/works?filter=author.id:A5001887300,3.0,12.0,
A5052819202,Chelsea Rohlfs,https://api.openalex.org/works?filter=author.id:A5052819202,8.0,15.0,US
A5057695979,Michalis Vazirgiannis,https://api.openalex.org/works?filter=author.id:A5057695979,46.0,362.0,FR
A5066476974,Seoul Lee,https://api.openalex.org/works?filter=author.id:A5066476974,21.0,116.0,
A5048372184,Evey Jiaxin Huang,https://api.openalex.org/works?filter=author.id:A5048372184,4.0,7.0,US
A5073972555,Jimena Royo-Letelier,https://api.openalex.org/works?filter=author.id:A5073972555,6.0,10.0,
A5089195241,Radosław Michalski,https://api.openalex.org/works?filter=author.id:A5089195241,21.0,70.0,PL
A5057457548,Gang Sun,https://api.openalex.org/works?filter=author.id:A5057457548,81.0,546.0,CN
A5072544873,Mathieu Jacomy,https://api.openalex.org/works?filter=author.id:A5072544873,15.0,92.0,
A5062168541,Neil Fasching,https://api.openalex.org/works?filter=author.id:A5062168541,5.0,11.0,
A5005694063,Sean Westwood,https://api.openalex.org/works?filter=author.id:A5005694063,22.0,130.0,US
A5101618291,Astha Verma,https://api.openalex.org/works?filter=author.id:A5101618291,11.0,55.0,IN
A5058593348,Jared R. Curhan,https://api.openalex.org/works?filter=author.id:A5058593348,17.0,64.0,US
A5020639074,B. Ian Hutchins,https://api.openalex.org/works?filter=author.id:A5020639074,20.0,40.0,US
A5102922371,Jinhyuk Yun,https://api.openalex.org/works?filter=author.id:A5102922371,7.0,40.0,KR
A5100340910,Min Wang,https://api.openalex.org/works?filter=author.id:A5100340910,74.0,1144.0,CN
A5048489384,James Caverlee,https://api.openalex.org/works?filter=author.id:A5048489384,44.0,285.0,
A5115087102,Gabriela Juncosa,https://api.openalex.org/works?filter=author.id:A5115087102,0.0,5.0,AT
A5035455593,Laurent Hébert‐Dufresne,https://api.openalex.org/works?filter=author.id:A5035455593,29.0,189.0,US
A5063313700,Deji Akinwande,https://api.openalex.org/works?filter=author.id:A5063313700,74.0,486.0,US
A5085884601,Max Falkenberg,https://api.openalex.org/works?filter=author.id:A5085884601,7.0,41.0,GB
A5026867670,Connor Jerzak,https://api.openalex.org/works?filter=author.id:A5026867670,5.0,509.0,SE
A5050851889,Igor Ryazanov,https://api.openalex.org/works?filter=author.id:A5050851889,3.0,7.0,RU
A5099447640,Jayanth Komarneni,https://api.openalex.org/works?filter=author.id:A5099447640,1.0,2.0,US
A5079154791,Kokil Jaidka,https://api.openalex.org/works?filter=author.id:A5079154791,25.0,177.0,SG
A5055973075,Steven R. Wilson,https://api.openalex.org/works?filter=author.id:A5055973075,37.0,243.0,US
A5055469774,Jiebo Luo,https://api.openalex.org/works?filter=author.id:A5055469774,97.0,1209.0,
A5044908628,Yoichi Yatsu,https://api.openalex.org/works?filter=author.id:A5044908628,26.0,187.0,JP
A5104939473,Luigi Arminio,https://api.openalex.org/works?filter=author.id:A5104939473,2.0,7.0,DK
A5099035918,Ciro Beneduce,https://api.openalex.org/works?filter=author.id:A5099035918,1.0,5.0,IT
A5015269440,Soheil Shayegh,https://api.openalex.org/works?filter=author.id:A5015269440,16.0,81.0,IT
A5055538219,James P. Houghton,https://api.openalex.org/works?filter=author.id:A5055538219,3.0,11.0,
A5016680184,Lin Gu,https://api.openalex.org/works?filter=author.id:A5016680184,200.0,1817.0,CN
A5053796170,Vikram Kamath Cannanure,https://api.openalex.org/works?filter=author.id:A5053796170,8.0,31.0,DE
A5006534173,Joanna Demaree‐Cotton,https://api.openalex.org/works?filter=author.id:A5006534173,8.0,18.0,GB
A5017708876,Katherine Van Koevering,https://api.openalex.org/works?filter=author.id:A5017708876,2.0,9.0,
A5094063486,Caroline Violot,https://api.openalex.org/works?filter=author.id:A5094063486,1.0,7.0,CH
A5100368754,Yuan Zhang,https://api.openalex.org/works?filter=author.id:A5100368754,71.0,487.0,CN
A5005219721,Pier Luigi Sacco,https://api.openalex.org/works?filter=author.id:A5005219721,33.0,292.0,IT
A5058732791,Andreas Bjerre-Nielsen,https://api.openalex.org/works?filter=author.id:A5058732791,10.0,32.0,DK
A5078459283,Catherine Gimbrone,https://api.openalex.org/works?filter=author.id:A5078459283,11.0,28.0,US
A5019218689,Cameron Lai,https://api.openalex.org/works?filter=author.id:A5019218689,2.0,8.0,JP
